compound	filename	rt_min	precursor_mz	challenge_class	annotation_rank	monoisotopic_mass	formula_ion	formula_neutral	adduct	smiles	inchikey	compound_class
-1	A_M28_negPFP_04	1.67	517.221	test	""	482.2516	a		[M+Cl]-	CC12CC(CC(C1CCC34C2CCC(C3)C(=C)C4O)C(=O)O)OC5C(C(C(C(O5)CO)O)O)O	ZUDBDCBPZHGAEL-DCYCNZAJSA-N	1
a	""	3.7	959.4857	group1	"""1"""	914.4875	""		[M+FA-H]-	CC1(C2CCC3(C(C2(CCC1OC4C(C(C(CO4)OC5C(C(C(C(O5)CO)O)O)O)O)OC6C(C(C(C(O6)CO)O)O)O)C)CC=C7C3(CCC8(C7CC(CC8)(C)O)C(=O)O)C)C)C	ZKCH	NULL
3	A_M3_posPFP_01	5.55	"""719.2546"""	group2	1	718.2473	1		[M+H]+	CC1C(C(C(C(O1)OC2=C(OC3=C(C(=CC(=C3C2=O)O)O)CC=C(C)C)C4=CC=C(C=C4)OC)O)OC5C(C(C(C(O5)CO)O)O)O)OC(=O)C	UYALDZZEAZIEME-MYTBKXFISA-Nd	NULL
4	A_M6_posPFP_02	5.74	467.2728	Priority	1	444.2836	C22H40N2O7		[M+Na]+	CC(C)CC(C(=O)O)NC(=O)C(C(C)C)OC(=O)C(C(C)C)NC(=O)C(CC(C)C)O	IFQVIMQHTPDZQU-UHFFFAOYSA-N
5	A_M23_posPFP_02	5.55	499.2302	Priority	1	476.241	b		[M+Na]+	CC1CC2(C(C1O)C=C(C(CC3C(C3(C)C)C=C(C2=O)C)OC(=O)CCC(=O)O)C)OC(=O)C	XPXRFYSHQGUVFK-UTXMSIPTSA-N
6	A_M26_posPFP_01	5.23	1102.5793	Priority	1	1084.5454	2		[M+NH4]+	CC1C(C(C(C(O1)OC2C(OC(C(C2O)O)OCC3C(C(C(C(O3)OC(=O)C45CCC(=C)CC4C6=CCC7C8(CCC(C(C8CCC7(C6(CC5)C)C)(C)C)OC9C(C(C(CO9)O)O)O)C)O)O)O)COC(=O)C)O)O)O	XPCKJVBBSBPFQL-DCULSWDLSA-N
7	A_M24_negPFP_03	1.99	577.1563	Priority	1	578.1636	C27H30O14		[M-H]-	CC1C(C(C(C(O1)OC2C(C(C(OC2OC3=CC(=CC4=C3C(=O)C=C(O4)C5=CC=C(C=C5)O)O)CO)O)O)O)O)O	LYKXPTCUGPKDQL-ZRXCBZTOSA-N
8	A_M6_negPFP_03	6.29	371.2439	Priority	1	372.2512	C20H36O6		[M-H]-	CCCCCCCCCC(=O)OC(C(C(C)C)OC(=O)C(C)C)C(=O)O	RZCUHAHZISRSJD-UHFFFAOYSA-N
9	E_M28_posPFP_01	3.41	336.174	Priority	1	335.1667	C17H25N3O2S		[M+H]+	CN(C)CCC1=CNC2=C1C=C(C=C2)CS(=O)(=O)N3CCCC3	WKEMJKQOLOHJLZ-UHFFFAOYSA-N
10	E_M86_posPFP_01	2.25	472.2092	Priority	1	471.2019	C25H25N7O3		[M+H]+	CN1C2=C(C=C(C=C2)C(=O)N(CCC(=O)O)C3=CC=CC=N3)N=C1CNC4=CC=C(C=C4)C(=N)N	YBSJFWOBGCMAKL-UHFFFAOYSA-N
11	E_M35_posPFP_01	6.02	657.313	Priority	1	656.3057	C33H44N4O10		[M+H]+	CCCC(=O)OCC(C(C(CN1C2=C(C=C(C(=C2)C)C)N=C3C1=NC(=O)NC3=O)OC(=O)CCC)OC(=O)CCC)OC(=O)CCC	MJNIWUJSIGSWKK-BBANNHEPSA-N
12	E_M44_negPFP_03	4.97	185.0608	Priority	1	186.0681	C12H10O2		[M-H]-	CC1=CC=C(C2=CC=CC=C12)C(=O)O	SIVYRLBDAPKADZ-UHFFFAOYSA-N
13	A_M24_negPFP_03	5.51	723.3961	Priority	1	678.3979	C37H58O11		[M+FA-H]-	CC1CC(OC2(C1C3(CCC45CC46CCC(C(C6CC=C5C3(C2O)C)(C)C)OC7C(C(C(CO7)O)O)O)C)O)C(C(C)(C)O)OC(=O)C	FTUCJLKRCLNNPB-OQDXJULVSA-N
14	A_M6_negPFP_03	5.46	679.4063	Priority	1	634.4081	C36H58O9		[M+FA-H]-	CC1(CCC2(CCC3(C(=CCC4C3(CCC5C4(CC(C(C5(C)C)O)O)C)C)C2C1)C)C(=O)OC6C(C(C(C(O6)CO)O)O)O)C	WNRDHIDWADTLIO-YYCILOOSSA-N
15	A_M23_posPFP_01	4.82	519.3316	Priority	1	518.3244	C30H46O7		[M+H]+	CC1CCC2(CCC3(C(=CCC4C3(CCC5C4(CC(C(C5(C)C(=O)O)O)O)C)C)C2C1(C)O)C)C(=O)O	FYGSMJAMPMZYFS-XOTGQYDDSA-N
16	A_M27_posPFP_01	4.02	233.1172	Priority	1	232.1099	C14H16O3		[M+H]+	CCC1(C(=O)C=CC2=C1OC(=C(C2=O)C)C)C	QMMMQWRPZIJGPT-AWEZNQCLSA-N
17	A_M6_posPFP_02	2.11	555.2776	Priority	1	532.2884	C26H44O11		[M+Na]+	CC1(CCC2C3(CCCC(C3CC(C2(C1)O)O)(C)C(=O)O)C)C(COC4C(C(C(C(O4)CO)O)O)O)O	SFLNQLHULUYBES-UHFFFAOYSA-N
18	A_M3_posPFP_01	5.63	918.5268	Priority	1	900.493	C42H76O20		[M+NH4]+	CCCCCC(CC(CC(=O)OC(CCCCC)CC(CC(=O)OC(CCCCC)CC(CC(=O)O)OC1C(C(C(C(O1)CO)O)O)O)OC2C(C(C(C(O2)CO)O)O)O)O)O	BQIUFGZODBARSL-UHFFFAOYSA-N
19	A_M9_negPFP_03	2.11	195.0663	Priority	1	196.0736	C10H12O4		[M-H]-	COC1=CC(=C(C=C1)CCC(=O)O)O	CGWRDLSMEFSEDN-UHFFFAOYSA-N
20	A_M28_negPFP_03	4.75	529.1715	Priority	1	530.1788	C27H30O11		[M-H]-	CC1C(C(C(C(O1)OC2=C(OC3=C(C(=CC(=C3C2=O)O)O)CC(C(=C)C)O)C4=CC=C(C=C4)OC)O)O)O	SRPODRMTMBGGLK-MLIZCRTMSA-N
21	E_M28_posPFP_01	5.43	347.1278	Priority	1	346.1205	C22H18O4		[M+H]+	CC1=C(C=C(C=C1)C2(C3=CC=CC=C3C(=O)O2)C4=CC(=C(C=C4)C)O)O	VCSUYXUJFRFUEL-UHFFFAOYSA-N
22	E_M37_posPFP_01	6.17	454.0753	Priority	1	453.068	C21H18F3NO3S2		[M+H]+	CC1=C(C=CC(=C1)SCC2=C(N=C(S2)C3=CC=C(C=C3)C(F)(F)F)C)OCC(=O)O	YDBLKRPLXZNVNB-UHFFFAOYSA-N
23	E_M86_posPFP_01	5.62	489.2279	Priority	1	488.2206	C23H32N6O4S		[M+H]+	CCCC1=NN(C2=C1N=C(NC2=O)C3=C(C=CC(=C3)S(=O)(=O)N4CCN(CC4)CC)OCC)C	MJEXYQIZUOHDGY-UHFFFAOYSA-N
24	E_M74_negPFP_03	0.56	181.0142	Priority	1	182.0215	C8H6O5		[M-H]-	C1=CC(=C(C=C1O)C(=O)O)C(=O)O	MWRVRCAFWBBXTL-UHFFFAOYSA-N
25	A_M24_negPFP_04	2.71	1111.5097	Priority	1	1076.5403	C52H84O23		[M+Cl]-	CC1(C2CCC3(C(C2(CCC1OC4C(C(C(CO4)OC5C(C(C(C(O5)CO)O)O)O)O)OC6C(C(C(C(O6)CO)O)O)O)C)CC=C7C3(CCC8(C7CC(CC8)(C)O)C(=O)OC9C(C(C(C(O9)CO)O)O)O)C)C)C	FMERKDCSVVHBLX-KCTRNYBHSA-N
26	A_M4_posPFP_01	3.35	192.1383	Priority	1	191.131	C12H17NO		[M+H]+	CC(C)NC(=O)CCC1=CC=CC=C1	ZYRLCOGVOHEKBK-UHFFFAOYSA-N
27	A_M27_posPFP_02	4.9	717.382	Priority	1	694.3928	C37H58O12		[M+Na]+	CC1CC(OC(=O)C1C2(CCC34CC35CCC(C(C5CCC4C2(C)C(=O)O)(C)C)OC6C(C(C(CO6)O)O)O)C)C(C(C)(C)O)OC(=O)C	CNWZWVFEXLYSBT-KCPUTACTSA-N
28	A_M23_posPFP_02	5.92	545.2146	Priority	1	522.2254	C30H34O8		[M+Na]+	CC1C(C(OC1C2=CC3=C(C=C2)OCO3)C4=CC(=C(C=C4)OC(C)C(C5=CC(=C(C=C5)OC)O)O)OC)C	UDWINLZYCCTMBM-KVGJNFRLSA-N
29	A_M6_posPFP_01	5.74	1266.7052	Priority	1	1248.6714	C58H104O28		[M+NH4]+	CCCCCC(CC(CC(=O)OC(CCCCC)CC(CC(=O)OC(CCCCC)CC(CC(=O)OC(CCCCC)CC(CC(=O)O)OC1C(C(C(C(O1)CO)O)O)O)OC2C(C(C(C(O2)CO)O)O)O)O)O)OC3C(C(C(C(O3)CO)O)O)O	DXKIYFYDJGEVJY-UHFFFAOYSA-N
30	A_M6_negPFP_03	2.55	725.2298	Priority	1	726.2371	C33H42O18		[M-H]-	CC1C(C(C(C(O1)OCC2C(C(C(C(O2)OC3=CC(=C4C(=O)CC(OC4=C3)C5=CC=C(C=C5)O)O)OC6C(C(C(C(O6)C)O)O)O)O)O)O)O)O	BRDVWIOUHLWIGN-LJHYTBJKSA-N
31	A_M28_negPFP_03	1.75	535.1821	Priority	1	536.1894	C26H32O12		[M-H]-	COC1=CC(=CC(=C1O)C2C(C(C(C(O2)CO)O)O)O)CC3COC(=O)C3(CC4=CC(=C(C=C4)O)OC)O	LIIDAMUJPFBXAR-FPOXNKGTSA-N
32	A_M9_negPFP_03	4.73	211.0976	Priority	1	212.1049	C11H16O4		[M-H]-	CCCCCC1C(=C(C(=O)O1)C)C(=O)O	OIUPBOONLQPLQI-MRVPVSSYSA-N
33	A_M3_negPFP_03	2.4	185.1183	Priority	1	186.1256	C10H18O3		[M-H]-	CC(CCCC(=CCO)C)C(=O)O	YVJQQTNULQIMBG-VIFPVBQESA-N
34	E_M86_posPFP_01	5.37	505.2228	Priority	1	504.2155	C23H32N6O5S		[M+H]+	CCCC1=NN(C2=C1N=C(NC2=O)C3=C(C=CC(=C3)S(=O)(=O)N4CCN(CC4)CCO)OCC)C	NEYKRKVLEWKOBI-UHFFFAOYSA-N
35	E_M37_posPFP_01	7.52	522.5972	Priority	1	521.59	C36H75N		[M+H]+	CCCCCCCCCCCCN(CCCCCCCCCCCC)CCCCCCCCCCCC	SWZDQOUHBYYPJD-UHFFFAOYSA-N
36	E_M28_posPFP_01	2.7	425.0109	Priority	1	406.9771	C14H15BrClNO6		[M+NH4]+	C1=CC(=C(C2=C1NC=C2OC3C(C(C(C(O3)CO)O)O)O)Cl)Br	OPIFSICVWOWJMJ-AEOCFKNESA-N
37	E_M76_negPFP_03	3.91	223.9845	Priority	1	224.9918	C9H7NO2S2		[M-H]-	C1=CC=C2C(=C1)N=C(S2)SCC(=O)O	ZZUQWNYNSKJLPI-UHFFFAOYSA-N
38	A_M3_negPFP_03	1.02	243.0874	Priority	1	198.0892	C10H14O4		[M+FA-H]-	CCCC(C1=C(OC(=O)C=C1)CO)O	KGBKYZFFQHZKLE-QMMMGPOBSA-N
39	A_M9_negPFP_03	4.87	301.1657	Priority	1	256.1675	C14H24O4		[M+FA-H]-	CC=C(C)CC(C)C1C(C(C(C(=O)O1)(C)O)O)C	UKWNFIJQRGRIDQ-UHFFFAOYSA-N
40	A_M6_negPFP_03	4.33	973.5014	Priority	1	928.5032	C47H76O18		[M+FA-H]-	CC1CCC2(CCC3(C(=CCC4C3(CCC5C4(CCC(C5(C)C)OC6C(C(C(CO6)O)O)OC7C(C(C(C(O7)CO)O)O)O)C)C)C2C1(C)O)C)C(=O)OC8C(C(C(C(O8)CO)O)O)O	WICIOAMNFCXLEV-MSGDGCCXSA-N
41	A_M24_posPFP_01	3.39	251.1642	Priority	1	250.1569	C15H22O3		[M+H]+	CC1=C(CC2(C13CCC(C3CC2)(C)O)C)C(=O)O	ODEUPBSFCFNAST-MXAVVETBSA-N
42	A_M4_posPFP_01	0.69	199.0965	Priority	1	198.0892	C10H14O4		[M+H]+	CCCC1=C(C=CC(=O)O1)C(CO)O	WYOIVALENVXRJQ-QMMMGPOBSA-N
43	A_M7_posPFP_02	4.47	217.0835	Priority	1	194.0943	C11H14O3		[M+Na]+	CC=C(C)C1=CC(=C(C(=O)O1)C)OC	NRLCQITWKJENAT-UHFFFAOYSA-N
44	A_M27_posPFP_02	3.92	805.4345	Priority	1	782.4453	C41H66O14		[M+Na]+	CC1CCC2(CCC3(C(=CCC4C3(CCC5C4(CCC(C5(C)CO)OC6C(C(C(CO6)O)O)O)C)C)C2C1(C)O)C)C(=O)OC7C(C(C(C(O7)CO)O)O)O	OQQOYQUBUVPAAU-SCPUYFPYSA-N
45	A_M28_negPFP_03	4.68	865.2772	Priority	1	866.2845	C40H50O21		[M-H]-	CC1C(C(C(C(O1)OC2=C(OC3=C(C2=O)C(=CC(=C3CC=C(C)C)OC4C(C(C(C(O4)CO)O)O)O)O)C5=CC=C(C=C5)OC)OC(C(C(=O)OC)O)OC(C)C(=O)O)O)O	HAVCNTVVRPOVNT-SLNRQDROSA-N
46	A_M25_negPFP_03	4.7	249.1496	Priority	1	250.1569	C15H22O3		[M-H]-	CC1(C2C1C=C(CCC(C(=C)CC2)O)C(=O)O)C	UFUCTYSVQPEEFA-AVGNSLFASA-N
47	A_M22_negPFP_03	5.77	358.166	Priority	1	359.1733	C20H25NO5		[M-H]-	CC1C=CC2CCCCC2C1C3=CC(=C(C(=O)O3)C=O)NC(C)C(=O)O	WOPHEEXRJKUYKQ-UHFFFAOYSA-N
48	E_M28_posPFP_01	5.53	419.0973	Priority	1	418.09	C20H18O10		[M+H]+	COC1=C2C(=C(C(=C1)C(=O)OC)C3=C4C(=C(C=C3C(=O)OC)OC)OCO4)OCO2	JMZOMFYRADAWOG-UHFFFAOYSA-N
49	E_M41_posPFP_02	3.84	381.007	Priority	1	358.0178	C13H15IN2O2		[M+Na]+	CC(=O)NCCC1=C(NC2=C1C=C(C=C2)OC)I	FJDDSMSDZHURBJ-UHFFFAOYSA-N
50	E_M86_posPFP_01	6.08	600.4681	Priority	1	582.4343	C30H62O10		[M+NH4]+	CCCCCCCCCCCCOCCOCCOCCOCCOCCOCCOCCOCCOCCO	ONJQDTZCDSESIW-UHFFFAOYSA-N
51	E_M17_negPFP_03	2.4	280.1415	Priority	1	281.1488	C12H19N5O3		[M-H]-	CN1C2=C(N=C1NCCCOC)N(C(=O)N(C2=O)C)C	ZZQHGKMTMAORFI-UHFFFAOYSA-N
52	A_M22_negPFP_03	2.02	567.2083	Priority	1	522.2101	C26H34O11		[M+FA-H]-	COC1=CC(=CC(=C1OC2C(C(C(C(O2)CO)O)O)O)C(CC3=CC(=C(C=C3)O)OC)CO)C=CCO	UFFRBCKYXMEITK-PEBYTCCLSA-N
53	A_M28_negPFP_03	3.55	1145.5233	Priority	1	1100.5251	C50H84O26		[M+FA-H]-	CC1C(C(C(C(O1)OCC2C(C(C(C(O2)OCC(=CCC(C(=CCCC(=CCCC(C)(C=C)OC3C(C(C(C(O3)CO)O)O)OC4C(C(C(C(O4)CO)O)O)O)C)C)O)C)O)O)OC5C(C(C(C(O5)C)O)O)O)O)O)O	XBQGYUHHNKDVKX-LJPKUSMYSA-N
54	A_M28_posPFP_01	5.85	235.0965	Priority	1	234.0892	C13H14O4		[M+H]+	CC1C(=C)OC(=O)C2=C1C(=C(C=C2O)OC)C	CIGSWLXZMSXAAE-ZCFIWIBFSA-N
55	A_M24_posPFP_01	6.26	305.2475	Priority	1	304.2402	C20H32O2		[M+H]+	CC1CCC2(C(C1(C)CCC(=CC(=O)O)C)CCC=C2C)C	NLVMTSRTOGOFQD-UHFFFAOYSA-N
56	A_M4_posPFP_01	3.88	251.0815	Priority	1	250.0742	C15H10N2O2		[M+H]+	COC1=CC2=NC=CC3=C2N(C1=O)C4=CC=CC=C34	TXEFUSAHPIYZHD-UHFFFAOYSA-N
57	A_M7_posPFP_01	2.5	256.1907	Priority	1	255.1834	C14H25NO3		[M+H]+	CCC(C(CC=CCC=CCCCC(=O)N)O)O	ZRAPVLSWOKTYNU-UHFFFAOYSA-N
58	A_M25_negPFP_03	5.61	284.1656	Priority	1	285.1729	C18H23NO2		[M-H]-	CC(=CCC1(C2=C(C=C(C=C2)O)NC1=O)C(C)(C)C=C)C	FVINVHIYNUTXPB-SFHVURJKSA-N
59	A_M7_negPFP_03	3.28	265.1445	Priority	1	266.1518	C15H22O4		[M-H]-	CC1CCC=C2C1(CC(C(C2O)O)C(=C)C(=O)O)C	JJXLDNFRQCESGZ-UHFFFAOYSA-N
60	A_M3_negPFP_03	5.06	263.1289	Priority	1	264.1362	C15H20O4		[M-H]-	CC1(CC2C=C(C3(CC3(C2C1)C)C(=O)O)C(=O)O)C	OAHIHSADYZLDCR-UHFFFAOYSA-N
61	A_M9_negPFP_03	5.25	305.1183	Priority	1	306.1256	C20H18O3		[M-H]-	C1=CC(=CC=C1CC2=CC(=C(C=C2)O)CC3=CC=C(C=C3)O)O	YQOVRUAPWCGSLC-UHFFFAOYSA-N
62	E_M33_negPFP_03	6.42	784.9837	Priority	1	739.9855	C15H9F24O4P		[M+FA-H]- 	C(C(C(C(C(F)F)(F)F)(F)F)(F)F)OP(=O)(OCC(C(C(C(F)F)(F)F)(F)F)(F)F)OCC(C(C(C(F)F)(F)F)(F)F)(F)F	BSOLVVCARHZLMT-UHFFFAOYSA-N
63	E_M86_posPFP_01	1.46	287.1139	Priority	1	286.1066	C14H14N4O3		[M+H]+	CC1=NC=C(C(=C1O)C=NNC(=O)C2=CC=NC=C2)CO	BQYIXOPJPLGCRZ-REZTVBANSA-N
64	E_M34_posPFP_01	6.55	564.2493	Priority	1	563.242	C34H33N3O5		[M+H]+	COC1=CC=CC2=C1NC3=C(C2=O)C=CC=C3C(=O)NC4=CC=C(C=C4)CCN5CCC6=CC(=C(C=C6C5)OC)OC	OSFCMRGOZNQUSW-UHFFFAOYSA-N
65	E_M41_posPFP_02	5.91	386.1839	Priority	1	363.1947	C22H25N3O2		[M+Na]+	CC(C)(CC1=CNC2=CC=CC=C21)NCC(COC3=CC=CC=C3C#N)O	FBMYKMYQHCBIGU-UHFFFAOYSA-N
66	A_M25_negPFP_04	2.63	363.158	Priority	1	328.1886	C17H28O6		[M+Cl]-	CC1CC(C2C(C(C3(C2(C1C(OC3)O)O)C)O)(C)C)OC(=O)C	QFIZHIXXEOCVCR-QGCDZIMUSA-N
67	A_M7_negPFP_03	3.68	393.1919	Priority	1	348.1937	C20H28O5		[M+FA-H]-	CC1=CC(C(C1=O)C=C(C)CCC=C2CCC(OC2=O)C(C)(C)O)O	IHDNCMDRDAONNT-UHFFFAOYSA-N
68	A_M22_negPFP_03	5.47	811.4485	Priority	1	766.4503	C41H66O13		[M+FA-H]-	CC1CCC2(CCC3(C(=CCC4C3(CCC5C4(CCC(C5(C)C)OC6C(C(C(CO6)O)O)OC7C(C(C(C(O7)CO)O)O)O)C)C)C2C1(C)O)C)C(=O)O	WBDDWIKJZNNKBQ-ZQUYRLKRSA-N
69	A_M4_posPFP_01	3.18	442.153	Priority	1	441.1457	C20H27NO8S		[M+H]+	CC(=O)NC(CSCC(=O)C12CC(CC1C=C(C2CC(=O)O)C(=O)O)(C)C)C(=O)O	AGBBJVFSJVBRRY-UHFFFAOYSA-N
70	A_M28_posPFP_02	2.31	313.1622	Priority	1	290.1729	C14H26O6		[M+Na]+	C(CCCC(C(CCCC(=O)O)O)O)CCCC(=O)O	JCOCIXAHAFALHI-UHFFFAOYSA-N
71	A_M24_posPFP_01	2.58	350.2173	Priority	1	332.1835	C16H28O7		[M+NH4]+	CC(=CCC=C(C)C(CO)OC1C(C(C(C(O1)CO)O)O)O)C	JPFNJNIYHKVTDX-ZMAWNPEZSA-N
72	A_M7_posPFP_01	3.24	652.2964	Priority	1	634.2625	C32H42O13		[M+NH4]+	CC1(C2CC(=O)C3(C(C2(C=CC(=O)O1)C)CCC(C34C(O4)C(=O)O)(C)C(C5=COC=C5)OC6C(C(C(C(O6)CO)O)O)O)C)C	MXZVBPOYCKIXHN-FFTVMPBDSA-N
73	A_M9_negPFP_03	5.88	405.2646	Priority	1	406.2719	C24H38O5		[M-H]-	CC(C)C(=O)OCC1CC23CCC4C(C2CCC1C3)(CCCC4(CO)C(=O)O)C	FSQYXTHPPSJGNG-CSJFXCTJSA-N
74	A_M29_negPFP_03	1.52	181.087	Priority	1	182.0943	C10H14O3		[M-H]-	CC1=C(C(CCC1=O)(C)C)C(=O)O	NCJFEURQKCATER-UHFFFAOYSA-N
75	A_M3_negPFP_03	4.57	299.0561	Priority	1	300.0634	C16H12O6		[M-H]-	COC1=C(C=CC(=C1)C2=COC3=CC(=CC(=C3C2=O)O)O)O	ZMFBGWWGXBNJAC-UHFFFAOYSA-N
76	E_M35_negPFP_03	5.89	585.2406	Priority	1	540.2424	C33H33FN2O4		[M+FA-H]- 	CC(C)C1=C(C(=C(N1CCC2CC(CC(=O)O2)O)C3=CC=C(C=C3)F)C4=CC=CC=C4)C(=O)NC5=CC=CC=C5	OUCSEDFVYPBLLF-KAYWLYCHSA-N
77	E_M86_posPFP_01	5.87	268.1696	Priority	1	267.1623	C18H21NO		[M+H]+	CC(C)(C)C1=CC=C(C=C1)C(=O)N(C)C2=CC=CC=C2	HIYAQBUTHPUUSV-UHFFFAOYSA-N
78	E_M41_posPFP_01	4.33	414.0215	Priority	1	413.0142	C16H17BrClN3O3		[M+H]+	C1CC(C(NC1)CC(=O)CN2C=NC3=CC(=C(C=C3C2=O)Cl)Br)O	LVASCWIMLIKXLA-LSDHHAIUSA-N
79	E_M34_posPFP_01	0.63	628.7926	Priority	1	627.7853	C12H11I3N2O4		[M+H]+	CC(=O)NC1=C(C(=C(C(=C1I)C(=O)O)I)N(C)C(=O)C)I	GGGDNPWHMNJRFN-UHFFFAOYSA-N
80	A_M3_negPFP_04	3.72	435.1427	Priority	1	400.1733	C19H28O9		[M+Cl]-	CC1=C(C(=C(C(=C1O)C(=O)CC(C)C)OC2C(C(C(C(O2)CO)O)O)O)C)O	XPIZBBYHXMPNEG-SQUCUVIGSA-N
81	A_M24_posPFP_01	0.97	408.2592	Priority	1	390.2254	C19H34O8		[M+NH4]+	CC1CC(CC(C1(C=CC(C)OC2C(C(C(C(O2)CO)O)O)O)O)(C)C)O	MRPDHXXPDCVBPQ-NTTCMOHZSA-N
82	A_M4_posPFP_02	4.14	603.1684	Priority	1	580.1792	C27H32O14		[M+Na]+	COC1=C(C=C(C=C1)C2=C(C(=O)C3=C(O2)C(=C(C(=C3OC)OC)OC)OC)OC4C(C(C(C(O4)CO)O)O)O)OC	MSTIUVOQDAVXIA-SATOHXPNSA-N
83	A_M28_posPFP_02	0.41	336.1054	Priority	1	313.1162	C14H19NO7		[M+Na]+	C1C(C=CC(=CC#N)C1OC2C(C(C(C(O2)CO)O)O)O)O	UTHVFIKQCUKKQW-BKZLMLJWSA-N
84	A_M7_posPFP_01	5.48	652.4419	Priority	1	634.4081	C36H58O9		[M+NH4]+	CC1CCC2(CCC3(C(=CCC4C3(CCC5C4(CC(C(C5(C)C)O)O)C)C)C2C1C)C)C(=O)OC6C(C(C(C(O6)CO)O)O)O	HZKJZYRLLBKBHA-DHRWMAOJSA-N
85	A_M7_negPFP_03	4.01	373.0565	Priority	1	374.0638	C18H14O9		[M-H]-	CC1=CC(=C(C2=C1C(=O)OC3=C(O2)C(=C4C(OC(=O)C4=C3C)O)O)CO)O	DFPWLQCOSHYAIG-GOSISDBHSA-N
86	A_M25_negPFP_03	3.53	371.1136	Priority	1	372.1209	C20H20O7		[M-H]-	COC1=CC(=CC2=C1OC(C2CO)C3=CC(=C(C=C3)O)OC)C=CC(=O)O	FHYQIQMSODIFCP-UHFFFAOYSA-N
87	A_M23_negPFP_03	2.47	165.0557	Priority	1	166.063	C9H10O3		[M-H]-	CC1=CC(=CC(=C1C(=O)C)O)O	GQXZUABNLSWQJA-UHFFFAOYSA-N
88	A_M29_negPFP_03	6.06	235.1704	Priority	1	236.1776	C15H24O2		[M-H]-	CC=C(C)CCC=C(CCC=C(C)C)C(=O)O	JWBZQRMMZRWOSE-UHFFFAOYSA-N
89	A_M9_negPFP_03	6.13	447.2752	Priority	1	448.2825	C26H40O6		[M-H]-	CC(C)C(=O)OCC1CC23CCC4C(C2CCC1C3)(CCCC4(COC(=O)C)C(=O)O)C	YXAGJAFSQKHJEB-JACRPAJASA-N
90	E_M35_negPFP_04	6.42	670.6203	Priority	1	635.6509	C12H18Br6		[M+Cl]-	C1CC(C(CCC(C(CCC(C1Br)Br)Br)Br)Br)Br	DEIGXXQKDWULML-UHFFFAOYSA-N
91	E_M27_posPFP_01	0.55	88.0757	Priority	1	87.0684	C4H9NO		[M+H]+	CCC(=NO)C	WHIVNJATOVLWBW-SNAWJCMRSA-N
92	E_M34_posPFP_01	8.21	812.4804	Priority	1	811.4731	C43H65N5O10		[M+H]+	CCC1C2(C(C(C(=O)C(CC(C(C(C(=O)C(C(=O)O1)C)C)OC3C(C(CC(O3)C)N(C)C)O)(C)OC)C)C)N(C(=O)O2)CCCCN4C=C(N=C4)C5=CN=CC=C5)C	LJVAJPDWBABPEJ-XZVSULPPSA-N
93	E_M41_posPFP_02	3.38	449.0987	Priority	1	426.1095	C21H19ClN4O4		[M+Na]+	COC1=CC2=NC=CC(=C2C=C1C(=O)N)OC3=CC(=C(C=C3)NC(=O)NC4CC4)Cl	WOSKHXYHFSIKNG-UHFFFAOYSA-N
94	A_M7_negPFP_04	1.98	441.0958	Priority	1	406.1264	C20H22O9		[M+Cl]-	C1=CC(=CC=C1CO)OC2C(C(C(C(O2)COC(=O)C3=CC=C(C=C3)O)O)O)O	LIGHTUNOZWZMMP-CBNQQXHVSA-N
95	A_M25_negPFP_04	5.75	427.0954	Priority	1	392.126	C23H20O6		[M+Cl]-	CC(C)(C1CC2=C(O1)C=CC3=C2OC(=O)C=C3)OC(=O)C=CC4=CC=C(C=C4)O	YPULLITUOWRRPG-LJQANCHMSA-N
96	A_M9_negPFP_03	6.36	542.3698	Priority	1	497.3716	C28H51NO6		[M+FA-H]-	CCCCCC=CCC=CCCCCCCCC(=O)OCC(COCCC(C(=O)[O-])[N+](C)(C)C)O	MBBOPONQLZPJRT-UHFFFAOYSA-N
97	A_M29_negPFP_03	2.89	339.0408	Priority	1	294.0426	C12H16Cl2O4		[M+FA-H]-	COC1=CC(=CC(=C1)O)CC(CC(C(Cl)Cl)O)O	MMMZDSQYAMMVEG-UHFFFAOYSA-N
98	A_M28_posPFP_01	5.21	335.2217	Priority	1	334.2144	C20H30O4		[M+H]+	CC12CCC3C(C1OCC2)C(=O)CC4C3(CCCC4(C)C(=O)O)C	KKUZEALMRZIWAJ-UHFFFAOYSA-N
99	A_M8_posPFP_01	5.42	267.1591	Priority	1	266.1518	C15H22O4		[M+H]+	CC(=CCCC(=CCCC(=CC(=O)O)C)C(=O)O)C	UIDKGJWCHCMTEG-UHFFFAOYSA-N
100	A_M4_posPFP_01	5.94	636.447	Priority	1	618.4132	C36H58O8		[M+NH4]+	CC(CCC(C(C)(C)O)O)C1CCC2(C1(CCC3=C2CCC4C3(CC(C(=O)C4(C)C)OC(=O)CC(C)(CC(=O)O)O)C)C)C	FNHDSKHVYPYDAZ-QXBAYVDYSA-N
101	A_M24_posPFP_01	4.47	542.1657	Priority	1	524.1319	C27H24O11		[M+NH4]+	C1C2=C(C(=C3C(=C2)C=CC=C3OC4C(C(C(C(O4)COC(=O)C=CC5=CC=C(C=C5)O)O)O)O)O)C(=O)O1	ZPUVNNIJVVEZBH-CMBBOZRESA-N
102	A_M23_negPFP_03	2.09	327.0309	Priority	1	328.0381	C14H14Cl2N2O3		[M-H]-	CC=C1C(=O)N(C(C(=O)N1)CC2=CC(=C(C(=C2)Cl)O)Cl)C	AEFDYPFFZOCXNS-NSHDSACASA-N
103	A_M3_negPFP_03	3.51	401.1242	Priority	1	402.1315	C21H22O8		[M-H]-	COC1=CC(=CC2=C1OC(C2CO)C3=CC(=C(C(=C3)OC)O)OC)C=CC(=O)O	MXADFNHTWMJYES-XOBRGWDASA-N
104	E_M27_posPFP_01	0.41	110.06	Priority	1	109.0528	C6H7NO		[M+H]+	CN1C=CC=CC1=O	DVVGIUUJYPYENY-UHFFFAOYSA-N
105	E_M38_posPFP_01	4.98	457.2016	Priority	1	456.1944	C22H28N6O3S		[M+H]+	CC(C)NC1=C(N=CC=C1)N2CCN(CC2)C(=O)C3=CC4=C(N3)C=CC(=C4)NS(=O)(=O)C	WHBIGIKBNXZKFE-UHFFFAOYSA-N
106	E_M41_posPFP_01	6.05	484.2166	Priority	1	483.2093	C28H29N5OS		[M+H]+	C1CCN(C1)C2CCN(CC2)C(=O)C3=CC=C(C=C3)NC4=NC=CC(=N4)C5=CC6=CC=CC=C6S5	BWZJBXAPRCVCKQ-UHFFFAOYSA-N
107	A_M9_negPFP_03	2.78	791.2615	Priority	1	746.2633	C33H46O19		[M+FA-H]-	CC1C(CC2C1C(OC=C2C(=O)OC)OC3C(C(C(C(O3)CO)O)O)O)OC(=O)C4=COC(C(C4CC=O)C=C)OC5C(C(C(C(O5)CO)O)O)O	GXXXVFMBJGIYPK-IRWFNEAJSA-N
108	A_M7_negPFP_03	1.05	491.1406	Priority	1	446.1424	C19H26O12		[M+FA-H]-	C1C(C(C(O1)OCC2C(C(C(C(O2)OCC3=CC4=C(C=C3)OCO4)O)O)O)O)(CO)O	PPLHEXYBZJOGTR-DHKQUUGRSA-N
109	A_M3_negPFP_03	5.5	485.2194	Priority	1	440.2212	C27H28N4O2		[M+FA-H]-	CC(C)(C=C)N1C=C(C2=CC=CC=C21)CC3C(=O)NC(C(=O)N3)CC4=CNC5=CC=CC=C54	XMXNEUOHSHGXTJ-GOTSBHOMSA-N
110	A_M23_negPFP_03	1.09	377.1817	Priority	1	332.1835	C16H28O7		[M+FA-H]-	CC1(C2CC(C1(CC2OC3C(C(C(C(O3)CO)O)O)O)C)O)C	YBNGMZMKEPSDPI-LGZJULIWSA-N
111	A_M25_negPFP_03	3.3	827.4435	Priority	1	782.4453	C41H66O14		[M+FA-H]-	CC1(CCC2(CCC3(C(=CCC4C3(CCC5C4(CCC(C5(C)CO)OC6C(C(C(CO6)O)O)O)C)C)C2C1)C)C(=O)OC7C(C(C(C(O7)CO)O)O)O)CO	YSFNIMJWUPAQKC-RZHLFJOWSA-N
112	A_M28_posPFP_01	6.12	395.2329	Priority	1	394.2256	C24H30N2O3		[M+H]+	CCC1CC2CC3(C1N(C2CC(=O)C)CCC4=C3NC5=CC=CC=C45)C(=O)OC	UMPABASQXRRHQB-YSGOIBPISA-N
113	A_M25_posPFP_01	5.82	333.206	Priority	1	332.1988	C20H28O4		[M+H]+	CC1=CC(=O)OC1CC=C(C)CCC=C(CCC=C(C)C)C(=O)O	ZNBQWPMZFPFCKS-GOSISDBHSA-N
114	A_M4_posPFP_02	5.9	741.3245	Priority	1	718.3353	C41H50O11		[M+Na]+	CC1C(C(OC1C2=CC(=C(C=C2)OC(C)C(C3=CC(=C(C=C3)O)OC)O)OC)C4=CC(=C(C=C4)OC(C)C(C5=CC(=C(C=C5)OC)OC)O)OC)C	CPGFYBGUXQXJMQ-KZQPWMIESA-N
115	A_M8_posPFP_02	5.17	325.2349	Priority	1	302.2457	C17H34O4		[M+Na]+	CC(CC(C)O)C(CCCCCCCCCCC(=O)O)O	VUHKKYAXFCILCE-UHFFFAOYSA-N
116	A_M29_negPFP_03	3.22	313.0484	Priority	1	314.0557	C14H15ClO6		[M-H]-	CC(CC(CC1=CC2=C(C(=CC(=C2Cl)O)O)C(=O)O1)O)O	YDFWTYLPMZZSLA-UHFFFAOYSA-N
117	E_M27_posPFP_01	0.54	145.076	Priority	1	144.0687	C9H8N2		[M+H]+	C1=CC2=C(C=CN=C2)C(=C1)N	DTVYNUOOZIKEEX-UHFFFAOYSA-N
118	E_M40_posPFP_01	5.53	488.8968	Priority	1	487.8895	C20H10Br2O5		[M+H]+	C1=CC=C2C(=C1)C(=O)OC23C4=C(C(=C(C=C4)O)Br)OC5=C3C=CC(=C5Br)O	ZDTNHRWWURISAA-UHFFFAOYSA-N
119	E_M41_posPFP_02	6.48	524.2805	Priority	1	501.2913	C29H43NO4S		[M+Na]+	CC(C)C1=C(C(=CC=C1)C(C)C)OS(=O)(=O)NC(=O)CC2=C(C=C(C=C2C(C)C)C(C)C)C(C)C	PTQXTEKSNBVPQJ-UHFFFAOYSA-N
120	A_M29_negPFP_04	2.94	469.0907	Priority	1	434.1213	C21H22O10		[M+Cl]-	C1C(OC2=CC(=CC(=C2C1=O)O)O)C3=CC=C(C=C3)OC4C(C(C(C(O4)CO)O)O)O	KSDSYIXRWHRPMN-UHFFFAOYSA-N
121	A_M7_negPFP_03	2.15	537.1978	Priority	1	492.1996	C25H32O10		[M+FA-H]-	COC1=C(C=C2C(C(C(CC2=C1)CO)COC3C(C(C(CO3)O)O)O)C4=CC(=C(C=C4)O)OC)O	TXSJJCSJHIDTDE-MZDBWQKZSA-N
122	A_M25_posPFP_01	5.95	429.2272	Priority	1	428.2199	C25H32O6		[M+H]+	CCC(C)C=C(C)C=CC(=O)OC1C=CC2=CC(=O)C(CC2(C1C)C)(C(=C)C(=O)O)O	OFDBBWUQAHAKDG-PREJITOJSA-N
123	A_M8_posPFP_02	5.46	657.3973	Priority	1	634.4081	C36H58O9		[M+Na]+	CC1CCC2(CCC3(C(=CCC4C3(CCC5C4(CCC(C5(C)C)O)C)C)C2C1(C)O)C)C(=O)OC6C(C(C(C(O6)CO)O)O)O	RRIMLWHUVCZACL-WHGXRBQASA-N
124	A_M4_posPFP_01	4.82	944.5213	Priority	1	926.4875	C47H74O18		[M+NH4]+	CC1C(C(C(C(O1)OC2C(C(COC2OC3CCC4(C(C3(C)C)CCC5(C4CC(C6=C7C(C8(CCC7(CCC65C)C(=O)O8)C)(C)O)O)C)C)O)OC9C(C(C(C(O9)CO)O)O)O)O)O)O	MOVNHXBNDSZSGK-JPYQVWQLSA-N
125	A_M28_posPFP_01	6.22	620.3218	Priority	1	602.288	C36H42O8		[M+NH4]+	CC1CC2(C(C1OC(=O)C3=CC=CC=C3)C=C(C(CC(=O)C(C=CC(C2OC(=O)C)C)(C)C)OC(=O)C4=CC=CC=C4)C)O	ULYZLNNPRNDNFD-ZICLEKGPSA-N
126	A_M9_negPFP_03	3.89	955.4544	Priority	1	956.4617	C47H72O20		[M-H]-	CC1C(C(C(C(O1)OC2C(C(OC(C2O)OC3C(CC4(C(C3(C)CO)CCC5(C4CC=C6C5(CCC7(C6CC(=C)CC7)C(=O)OC8C(C(C(C(O8)CO)O)O)O)C)C)C)O)C(=O)O)O)O)O)O	CDJVLCFAYOIREA-OFCFZGJQSA-N
127	A_M27_negPFP_03	5.34	253.1445	Priority	1	254.1518	C14H22O4		[M-H]-	CC(CCC=C(CCC=C(C)C)C(=O)O)C(=O)O	NLMAGFGYJVPKJJ-NSHDSACASA-N
128	A_M23_negPFP_03	5.89	389.0878	Priority	1	390.0951	C19H18O9		[M-H]-	CC1=CC(=C(C(=C1C(=O)OC)OC2=C(C(=CC(=C2C)OC)C(=O)O)O)C=O)O	ONSPHUIOGAJFGD-UHFFFAOYSA-N
129	A_M3_negPFP_03	5.71	1195.5906	Priority	1	1196.5979	C60H92O24		[M-H]-	CC=C(C)C(=O)OC1C(OC(C(C1OC(=O)C(=CC)C)O)OC2C(C3(C(CC2(C)C)C4=CCC5C6(CCC(C(C6CCC5(C4(CC3O)C)C)(C)CO)OC7C(C(C(C(O7)C(=O)O)O)O)OC8C(C(C(C(O8)CO)O)O)O)C)CO)OC(=O)C)C	YWRZZQBSAZIBEQ-ZPKFMWSBSA-N
130	E_M27_posPFP_01	0.47	173.0474	Priority	1	172.0402	C6H9N2O2P		[M+H]+	C1=CC=C(C=C1)OP(=O)(N)N	AYRRNFHDJUXLEQ-UHFFFAOYSA-N
131	E_M40_posPFP_01	5.6	528.3378	Priority	1	510.304	C24H46O11		[M+NH4]+	CCCCCCCCCCCCOC1C(C(C(C(O1)CO)OC2C(C(C(C(O2)CO)O)O)O)O)O	NLEBIOOXCVAHBD-QKMCSOCLSA-N
132	A_M23_negPFP_03	5.05	719.3496	Priority	1	674.3514	C33H54O14		[M+FA-H]-	CC(=CCCC(C)(C=C)OC1C(C(C(C(O1)CO)O)O)OC2C(C(C(C(O2)CO)O)O)O)CCC=C(C)CC(C=C(C)C(=O)OC)O	LAMRTXHVEXWMOH-PVNJHXBISA-N
133	A_M7_negPFP_03	5.74	577.3018	Priority	1	532.3036	C30H44O8		[M+FA-H]-	CCCC(C(C=CC(=O)OC1CC2C(C2(C)C)C=C(C(=O)C3(CC(C(C3C=C1C)O)C)OC(=O)C)C)O)O	NBEYAEFZGDUVGW-MBKLMEFLSA-N
134	A_M8_posPFP_01	4.98	739.2444	Priority	1	738.2371	C34H42O18		[M+H]+	CC(CC(=O)OC)(CC(=O)OCC1C(C(C(C(O1)OC2=C(OC3=C(C2=O)C(=C(C(=C3OC)OC)OC)OC)C4=CC(=C(C=C4)OC)OC)O)O)O)O	JDYWLRRIZNBKMP-IKRGWGHGSA-N
135	A_M25_posPFP_02	2.15	501.1367	Priority	1	478.1475	C23H26O11		[M+Na]+	C=CC1C2CCOC(=O)C2=COC1OC3C(C(C(C(O3)CO)O)O)OC(=O)C4=CC(=CC=C4)O	RBTWPFBRVJRSRZ-XRNSGXKGSA-N
136	A_M29_posPFP_01	1.62	274.2377	Priority	1	256.2038	C15H28O3		[M+NH4]+	CC12CCC(CC1C(CCC2O)(C)O)C(C)(C)O	ODDNJYHUVXKJBI-UHFFFAOYSA-N
137	A_M5_posPFP_01	3.15	270.2064	Priority	1	252.1725	C15H24O3		[M+NH4]+	CC12CCC(C3C1C(C(C3C2=C)O)O)C(C)(C)O	ZQCSOQVURYSVKL-DHMVUYJDSA-N
138	A_M29_negPFP_03	1.31	529.1927	Priority	1	530.1999	C24H34O13		[M-H]-	CC1C(C(C(C(O1)OCC2C(C(C(C(O2)OC3=C(C(=C(C=C3)O)C)CC=C(C)C(=O)O)O)O)O)O)O)O	CPTNKRLUDCGSPQ-GCFZLKQZSA-N
139	A_M4_negPFP_03	5.83	343.1551	Priority	1	344.1624	C20H24O5		[M-H]-	CC(CC1=CC(=C(C=C1)O)OC)C(C)CC2=CC3=C(C=C2O)OCO3	DIADZLCOROOTGN-OLZOCXBDSA-N
140	A_M27_negPFP_03	1.94	287.15	Priority	1	288.1573	C14H24O6		[M-H]-	C(CCC(=O)O)CC=CCC(C(CCCC(=O)O)O)O	JDJWBXPQIRDCOI-UHFFFAOYSA-N
141	E_M44_posPFP_01	0.48	98.0964	Priority	1	97.0891	C6H11N		[M+H]+	C=CCNCC=C	DYUWTXWIYMHBQS-UHFFFAOYSA-N
142	E_M27_posPFP_01	2.3	212.0818	Priority	1	211.0746	C12H9N3O		[M+H]+	C1=CC=C2C(=C1)C(=CC3=CN=CN3)C(=O)N2	VEEGZPWAAPPXRB-YHYXMXQVSA-N
143	A_M7_negPFP_03	5.46	955.4908	Priority	1	910.4926	C47H74O17		[M+FA-H]-	CC1C(C(C(C(O1)OC2C(C(COC2OC3CCC4(C(C3(C)C)CCC5(C4CC=C6C5(CCC78C6C(C(CC7)(OC8=O)C)(C)O)C)C)C)O)OC9C(C(C(C(O9)CO)O)O)O)O)O)O	DPEYAJFUJJMJNO-JOQVNCSISA-N
144	A_M23_negPFP_03	4.64	811.4485	Priority	1	766.4503	C41H66O13		[M+FA-H]-	CC1(C2CCC3(C(C2(CCC1OC4C(C(C(CO4)O)O)O)C)CC=C5C3(CCC6(C5CC(CC6)(C)CO)C(=O)OC7C(C(C(C(O7)CO)O)O)O)C)C)C	JUQZBNSNCFPQEN-QEONLWONSA-N
145	A_M27_negPFP_03	0.35	358.1144	Priority	1	313.1162	C14H19NO7		[M+FA-H]-	C1C(C=CC(=CC#N)C1OC2C(C(C(C(O2)CO)O)O)O)O	UTHVFIKQCUKKQW-QPQKLBPSSA-N
146	A_M29_negPFP_03	2.27	581.1876	Priority	1	536.1894	C26H32O12		[M+FA-H]-	COC1=C(C=CC(=C1)CC2COC(=O)C2(CC3=CC(=C(C=C3)OC4C(C(C(C(O4)CO)O)O)O)OC)O)O	VXYKGOAXVHSLDD-ATALQWSYSA-N
147	A_M9_posPFP_01	5.8	349.201	Priority	1	348.1937	C20H28O5		[M+H]+	CC=C(C)C(=O)OC1CC(C2(CC3=C(C(=O)OC3(CC2C1)O)C)C)C	BNKQCXTYXHSKGJ-XJXKWIQZSA-N
148	A_M5_posPFP_01	2.59	267.1591	Priority	1	266.1518	C15H22O4		[M+H]+	CC1=C(CC2(C13CCC(C3CC2)(CO)O)C)C(=O)O	QEXBXSJDNHRVSH-MHEUCROKSA-N
149	A_M29_posPFP_02	4.95	353.2047	Priority	1	330.2155	C16H30N2O5		[M+Na]+	CC(C)CCCCCCC(CC(=O)NC(CC(=O)O)C(=O)N)O	KMSCXNAPFWQQKD-UHFFFAOYSA-N
150	A_M25_posPFP_01	1.83	542.2596	Priority	1	524.2258	C26H36O11		[M+NH4]+	COC1=C(C=CC(=C1)CC(CO)C(CC2=CC(=C(C=C2)OC3C(C(C(C(O3)CO)O)O)O)OC)CO)O	PCWPSOCJBMEHGK-BZKLREMRSA-N
151	A_M4_negPFP_03	6.43	399.2752	Priority	1	400.2825	C22H40O6		[M-H]-	CCCCCCCCCCCC(=O)OC(C(C)C)C(C(=O)O)OC(=O)C(C)C	FLVBOVQKMCPBFE-UHFFFAOYSA-N
152	E_M44_posPFP_01	0.96	127.0754	Priority	1	126.0681	C7H10O2		[M+H]+	CC1CC(C(=O)C1=O)C	MIDXCONKKJTLDX-UHFFFAOYSA-N
153	E_M27_posPFP_01	6.05	228.2322	Priority	1	227.2249	C14H29NO		[M+H]+	CCCCCCCCCCCCCC(=O)N	QEALYLRSRQDCRA-UHFFFAOYSA-N
154	A_M5_negPFP_04	5.35	335.1743	Priority	1	300.2049	C15H28N2O4		[M+Cl]-	CC(C)CCCCCCCC(=O)NC(CC(=O)O)C(=O)N	LZOJNMQMOSTOHX-LBPRGKRZSA-N
155	A_M7_negPFP_04	4.31	963.4726	Priority	1	928.5032	C47H76O18		[M+Cl]-	CC1C(C(C(C(O1)OC2C(C(COC2OC3CCC4(C(C3(C)C)CCC5(C4CC=C6C5(CCC(C6C(=O)C)(CCC(C)O)C(=O)O)C)C)C)O)OC7C(C(C(C(O7)CO)O)O)O)O)O)O	OWZYYRSRGCPFKQ-HMMRWYOQSA-N
156	A_M23_negPFP_04	2.97	859.2433	Priority	1	824.2739	C38H48O20		[M+Cl]-	CC1C(C(C(C(O1)OC2=C(OC3=C(C2=O)C(=CC(=C3CC=C(C)C)OC4C(C(C(C(O4)CO)O)O)O)O)C5=CC=C(C=C5)O)OC6C(C(C(C(O6)CO)O)O)O)O)O	WCUYANMOZSMFCP-CFKLRSBVSA-N
157	A_M29_negPFP_03	5.03	855.4384	Priority	1	810.4402	C42H66O15		[M+FA-H]-	CC1(CCC2(CCC3(C(=CCC4C3(CCC5C4(CCC(C5(C)CO)OC6C(C(C(CO6)OC7C(C(C(C(O7)CO)O)O)O)O)O)C)C)C2C1)C)C(=O)O)C(=O)OC	NMDFCFOQBAHNPV-IWIVWMRFSA-N
158	A_M5_posPFP_01	5.87	319.2268	Priority	1	318.2195	C20H30O3		[M+H]+	CC1CCC2(C(C1(C)CCC(=CC(=O)O)C)CC(=C2C)C=O)C	JIKPDGHCTOSDJA-UHFFFAOYSA-N
159	A_M29_posPFP_01	5.83	485.217	Priority	1	484.2097	C27H32O8		[M+H]+	CCCCCC1=CC2=CC(=CC(=C2C(=O)O1)OC3=C(C(=C(C=C3O)OC)C(=O)O)CCCCC)O	WAVKNSMRCWYDDL-UHFFFAOYSA-N
160	A_M25_posPFP_02	2.02	603.2048	Priority	1	580.2156	C28H36O13		[M+Na]+	CC(=O)OCC1C(COC1C2=CC(=C(C=C2)O)OC)C(C3=CC(=C(C=C3)OC4C(C(C(C(O4)CO)O)O)O)OC)O	AKEQVUOZQNGJQC-UHFFFAOYSA-N
161	A_M9_posPFP_01	4.23	424.1966	Priority	1	406.1628	C21H26O8		[M+NH4]+	CC1COC2(C1(C(=O)C3=C(C2=O)C45CCCC(C4C(C3OC)OC5=O)(C)C)O)O	RQYZKRVLMHQSMS-UHFFFAOYSA-N
162	A_M27_negPFP_03	1.24	329.0878	Priority	1	330.0951	C14H18O9		[M-H]-	COC(=O)C1=C(C(=CC=C1)OC2C(C(C(C(O2)CO)O)O)O)O	VSTYNZNDJYVPKL-CTYVSURLSA-N
163	E_M44_posPFP_01	2.05	215.9655	Priority	1	214.9582	C7H6BrNO2		[M+H]+	COC(=O)C1=NC(=CC=C1)Br	SGNCOKUHMXLGAH-UHFFFAOYSA-N
164	E_M27_posPFP_02	0.32	268.0704	Priority	1	245.0812	C9H12FN3O4		[M+Na]+	C1=CN(C(=O)N=C1N)C2C(C(C(O2)CO)O)F	NVZFZMCNALTPBY-XVFCMESISA-N
165	E_M34_negPFP_03	5.71	664.691	Priority	1	665.6982	C19H10Br4O5S		[M-H]-	C1=CC=C2C(=C1)C(OS2(=O)=O)(C3=CC(=C(C(=C3)Br)O)Br)C4=CC(=C(C(=C4)Br)O)Br	UDSAIICHUKSCKT-UHFFFAOYSA-N
166	A_M7_negPFP_03	3.81	1307.6278	Priority	1	1262.6296	C61H98O27		[M+FA-H]-	CC1C(C(C(C(O1)OC2C(OC(C(C2O)O)OCC3C(C(C(C(O3)OC(=O)C45CCC(CC4C6=CCC7C8(CCC(C(C8CCC7(C6(CC5)C)C)(C)C)OC9C(C(C(CO9)O)O)OC1C(C(C(C(O1)C)O)O)O)C)(C)CO)O)O)O)COC(=O)C)O)O)O	NNIRVDLUHWUBSX-NBIDALDTSA-N
167	A_M27_negPFP_03	5.68	377.197	Priority	1	332.1988	C20H28O4		[M+FA-H]-	CC1CCC2(C(C1(C)CCC3=CC(=O)OC3O)CC(=C2C)C=O)C	NZIQEPLIKSMSRT-UHFFFAOYSA-N
168	A_M23_negPFP_03	5.34	1103.5644	Priority	1	1058.5662	C53H86O21		[M+FA-H]-	CC1C(C(C(C(O1)OC2C(C(COC2OC3CCC4(C(C3(C)C)CCC5(C4CC=C6C5(CCC7(C6CC(CC7)(C)C)C(=O)OC8C(C(C(C(O8)CO)O)O)O)C)C)C)O)OC9C(C(C(C(O9)CO)O)O)O)O)O)O	ULSOTXJNUTYKRK-NLUBGPCESA-N
169	A_M29_posPFP_01	5.27	705.2389	Priority	1	704.2316	C34H40O16		[M+H]+	CC1C(C(C(C(O1)OC2=C(OC3=C(C2=O)C(=CC(=C3CC=C(C)C)OC4C(C(C(C(O4)CO)O)O)O)O)C5=CC=C(C=C5)O)O)O)OC(=O)C	ABAIOHPURNHXKB-JWFSFCLHSA-N
170	A_M22_posPFP_01	5.04	249.1485	Priority	1	248.1412	C15H20O3		[M+H]+	CC1(C2C1C=C(CCC(=O)C(=C)CC2)C(=O)O)C	JSWXKFCFVRCREF-NEPJUHHUSA-N
171	A_M9_posPFP_02	2.7	561.1215	Priority	1	538.1323	C24H26O14		[M+Na]+	COC1=C(C=CC(=C1)C2=C(C(=O)C3=C(C(=C(C(=C3O2)OC)O)OC)O)OC4C(C(C(C(O4)CO)O)O)O)O	PRBUAZIWXABBBW-AFNDXPGZSA-N
172	A_M5_posPFP_02	4.9	424.1731	Priority	1	401.1838	C22H27NO6		[M+Na]+	CCC(C)C1C(=O)C(C(=O)N1)(C2=CC3=C(C(C2=O)(C)CC)OC(=C(C3=O)C)C)O	VBTZAIPQSNXYCM-BXAUHREASA-N
173	A_M25_posPFP_01	5.57	1094.5953	Priority	1	1076.5615	C49H88O25		[M+NH4]+	CCCCCC(CC(CC(=O)OC(CCCCC)CC(CC(=O)OC(CCCCC)CC(CC(=O)OC)OC1C(C(C(C(O1)CO)O)O)O)OC2C(C(C(C(O2)CO)O)O)O)O)OC3C(C(C(C(O3)CO)O)O)O	IESDYJUGZCFEQG-UHFFFAOYSA-N
174	A_M5_negPFP_03	3.1	371.1711	Priority	1	372.1784	C18H28O8		[M-H]-	CCC=CCC1(CCC=CC1C(=O)O)OC2C(C(C(C(O2)CO)O)O)O	OQWLWGHVEYZMLN-GHLGXFJJSA-N
175	A_M29_negPFP_03	3.12	1103.528	Priority	1	1104.5353	C53H84O24		[M-H]-	CC1(C2CCC3(C(C2(CCC1OC4C(C(C(CO4)OC5C(C(C(C(O5)CO)O)O)O)O)OC6C(C(C(C(O6)CO)O)O)O)C)CC=C7C3(CCC8(C7CC(CC8)(C)C(=O)O)C(=O)OC9C(C(C(C(O9)CO)O)O)O)C)C)C	VQMRBUNQTLAATK-JOUDUNFKSA-N
176	E_M34_negPFP_03	5.84	792.6584	Priority	1	747.6602	C14H8I4O4		[M+FA-H]- 	C1=C(C=C(C(=C1I)OC2=CC(=C(C(=C2)I)O)I)I)CC(=O)O	PPJYSSNKSXAVDB-UHFFFAOYSA-N
177	E_M74_posPFP_01	1.25	114.1277	Priority	1	113.1204	C7H15N		[M+H]+	C1CCC(CC1)CN	AVKNGPAMCBSNSO-UHFFFAOYSA-N
178	E_M27_posPFP_01	5.2	282.17	Priority	1	281.1627	C15H23NO4		[M+H]+	C1=CC(=O)N(C1=O)CCCCCCCCCCC(=O)O	UVZTZBRGZXIBLZ-UHFFFAOYSA-N
179	A_M30_negPFP_04	0.64	411.1064	Priority	1	376.137	C16H24O10		[M+Cl]-	CC1(C2CCC(C1C(=O)OC)O2)C(=O)OC3C(C(C(C(O3)CO)O)O)O	FVAIJXKCYZKCGF-FFBHLRJYSA-N
180	A_M8_negPFP_03	0.3	385.1352	Priority	1	340.137	C13H24O10		[M+FA-H]-	CCOC1C(C(C(CO1)O)O)OC2C(C(C(C(O2)CO)O)O)O	CMXKPYSXVVBBDY-KUBZZJBSSA-N
181	A_M5_negPFP_03	3.62	449.1453	Priority	1	404.1471	C21H24O8		[M+FA-H]-	COC1=C(C=CC(=C1)C=CC(=O)OC)OC2=C(C=C(C=C2)C(C(CO)O)O)OC	IVDMSWPOHFCIHO-YCRPNKLZSA-N
182	A_M27_negPFP_03	1.42	407.1348	Priority	1	362.1366	C19H22O7		[M+FA-H]-	COC1=C(C=CC(=C1)C(C2COC(C2CO)C3=CC(=C(C=C3)O)O)O)O	PMALFGMVFUCPMK-UHFFFAOYSA-N
183	A_M22_posPFP_01	5.64	331.1904	Priority	1	330.1831	C20H26O4		[M+H]+	CC(C)C1=C(C=C2C(=C1)C(=O)CC3C2(CCCC3(C)C)C(=O)O)O	XYZWRQXZTNPKPD-OZBJMMHXSA-N
184	A_M26_posPFP_01	2.01	169.1223	Priority	1	168.115	C10H16O2		[M+H]+	CC1=CC(C(CC1=O)C(C)C)O	ZFUJCNJIGDBFEP-UHFFFAOYSA-N
185	A_M5_posPFP_02	4.74	513.236	Priority	1	490.2468	C29H34N2O5		[M+Na]+	CC1CC=CC2C(C(=C(C3C2(C(=O)C4C(O4)C(C1)O)C(=O)NC3CC5=CNC6=CC=CC=C65)C)C)O	DAOMSLPFWWIXQB-UHFFFAOYSA-N
186	A_M30_posPFP_02	1.5	279.1931	Priority	1	256.2038	C15H28O3		[M+Na]+	CC12CCC(CC1C(CCC2O)(C)O)C(C)(C)O	ODDNJYHUVXKJBI-MIBAYGRRSA-N
187	A_M9_posPFP_01	5.67	654.4576	Priority	1	636.4237	C36H60O9		[M+NH4]+	CC(CCC(C(C)(C)O)O)C1CCC2(C1(C(CC3=C2CCC4C3(CC(C(C4(C)C)OC(=O)CC(C)(CC(=O)O)O)O)C)O)C)C	VWKSQQHPNMUNOC-UHFFFAOYSA-N
188	A_M24_negPFP_03	1.06	167.035	Priority	1	168.0423	C8H8O4		[M-H]-	C1CC(=C(C=C1)C(=O)O)C(=O)O	GOWHHUDNXNDUAS-UHFFFAOYSA-N
189	E_M74_posPFP_01	2.03	144.1383	Priority	1	143.131	C8H17NO		[M+H]+	CCC(C)C(CC)C(=O)N	QRCJOCOSPZMDJY-UHFFFAOYSA-N
190	E_M27_posPFP_01	5.48	287.0485	Priority	1	286.0412	C14H10N2O3S		[M+H]+	COC(=O)C1=CSC(=N1)C(=O)C2=CNC3=CC=CC=C32	KDDXOGDIPZSCTM-UHFFFAOYSA-N
191	E_M38_negPFP_03	5.45	409.0987	Priority	1	410.106	C17H19FN4O5S		[M-H]-	CN1C(=O)C(=C(N=C1N2CCCCS2(=O)=O)C(=O)NCC3=CC=C(C=C3)F)O	VNIWZCGZPBJWBI-UHFFFAOYSA-N
192	A_M5_negPFP_03	4.37	665.3906	Priority	1	620.3924	C35H56O9		[M+FA-H]-	CC1(CCC2(CCC3(C(=CCC4C3(CCC5C4(CCC(C5(C)CO)OC6C(C(C(CO6)O)O)O)C)C)C2C1)C)C(=O)O)CO	UKDGPTZSBZPKIO-DEOHUDLUSA-N
193	A_M26_posPFP_01	5.49	305.2475	Priority	1	304.2402	C20H32O2		[M+H]+	CC(=CCCC(=CCCC1=CCC(OC1)C(=CCO)C)C)C	SAYWUPNITYCHPG-OTOUPVKASA-N
194	A_M30_posPFP_01	3.18	399.2377	Priority	1	398.2305	C21H34O7		[M+H]+	CC1=C2CC(CCC2(CCC1=O)C)C(C)(C)OC3C(C(C(C(O3)CO)O)O)O	XHAUOHBDNZKIEL-OUEXDMKTSA-N
195	A_M22_posPFP_01	6.06	522.3789	Priority	1	504.3451	C30H48O6		[M+NH4]+	CC1CCC2C(C1(CCC3C(=C)CCC4C3(CCC(=O)C(O4)(C)C)C)O)(CC(C(=O)C(O2)(C)C)O)C	PXKWYQCTBMFQDW-UHFFFAOYSA-N
196	A_M5_posPFP_01	4.57	550.2647	Priority	1	532.2309	C28H36O10		[M+NH4]+	CC1CC2(C=C(C(=O)O2)C)OC34C1CC5C3(O5)C6C(CC7C(OC8C7(CC6(CC4O)O)OC(=O)C8)(C)C)O	SVLAIBOYFCQLIY-PGNWUXKFSA-N
197	A_M27_negPFP_03	5.23	373.0929	Priority	1	374.1002	C19H18O8		[M-H]-	CC1=CC(=C(C2=C1C(=O)OC3=C(O2)C(=C(C(=C3)C(=O)O)C)OC)COC)O	FEPPYNQWWRLZNW-UHFFFAOYSA-N
198	A_M24_negPFP_03	2.28	229.1445	Priority	1	230.1518	C12H22O4		[M-H]-	C(CCCC(C=CCO)O)CCCC(=O)O	FLXFNIBELQCRPA-NSHDSACASA-N
199	A_M8_negPFP_03	5.68	373.1657	Priority	1	374.1729	C21H26O6		[M-H]-	CC1=C2COC(=O)C2=C(C(=C1O)CC=C(C)CCC=C(C)CCC(=O)O)O	LFMVGCLSSWANEO-UHFFFAOYSA-N
200	A_M30_negPFP_03	5.66	483.2038	Priority	1	484.2111	C28H28N4O4		[M-H]-	CC1C(=O)N2C3C(CC2(C4=NC5=CC=CC=C5C(=O)N14)O)(C6=CC=CC=C6N3C(=O)C)C(C)(C)C=C	UTVHCNQHDCRVMF-GTYYOKPTSA-N
201	E_M76_posPFP_01	0.36	103.0866	Priority	1	102.0793	C4H10N2O		[M+H]+	CCCNC(=O)N	ZQZJKHIIQFPZCS-UHFFFAOYSA-N
202	E_M33_posPFP_01	0.47	1550.7206	Priority	1	1549.7133	C35H44I6N6O15		[M+H]+	CC(=O)N(CC(CN(C1=C(C(=C(C(=C1I)C(=O)NCC(CO)O)I)C(=O)NCC(CO)O)I)C(=O)C)O)C2=C(C(=C(C(=C2I)C(=O)NCC(CO)O)I)C(=O)NCC(CO)O)I	NBQNWMBBSKPBAY-UHFFFAOYSA-N
203	E_M38_negPFP_03	2.66	503.1389	Priority	1	504.1462	C18H34ClN2O8PS		[M-H]-	CCCC1CC(N(C1)C)C(=O)NC(C2C(C(C(C(O2)SC)OP(=O)(O)O)O)O)C(C)Cl	UFUVLHLTWXBHGZ-UHFFFAOYSA-N
204	A_M8_negPFP_04	5.41	441.1322	Priority	1	406.1628	C21H26O8		[M+Cl]-	CC1COC(=O)C1(C2C3=C(C(=O)O2)C45CCCC(C4C(C3OC)OC5=O)(C)C)O	CLMACWUIFILBBM-UHFFFAOYSA-N
205	A_M27_negPFP_04	5.36	515.1478	Priority	1	480.1784	C27H28O8		[M+Cl]-	COC1=C(C=CC(=C1)CC2COC(C2COC(=O)C3=CC=C(C=C3)O)C4=CC(=C(C=C4)O)OC)O	GFXHOKACHHWSQG-HEKZAOSPSA-N
206	A_M24_negPFP_03	1.16	373.114	Priority	1	328.1158	C15H20O8		[M+FA-H]-	COC(=O)C(C1=CC=CC=C1)OC2C(C(C(C(O2)CO)O)O)O	KQLFQMPSIZRACE-OXEYGOSQSA-N
207	A_M5_negPFP_03	5.11	1275.6015	Priority	1	1230.6033	C60H94O26		[M+FA-H]-	CC1C(C(C(C(O1)OC2C(OC(C(C2O)O)OCC3C(C(C(C(O3)OC(=O)C45CCC(=C)CC4C6=CCC7C8(CCC(C(C8CCC7(C6(CC5)C)C)(C)C)OC9C(C(C(CO9)O)O)OC1C(C(C(C(O1)C)O)O)O)C)O)O)O)COC(=O)C)O)O)O	NPCYPPUNOYDHKT-FTGSXAGXSA-N
208	A_M26_posPFP_01	5.78	330.2064	Priority	1	329.1991	C20H27NO3		[M+H]+	CC1=CC(=O)NC1=CC=C(C)CCC=C(CCC=C(C)C)C(=O)O	IGSZOCSRLTUKLJ-UHFFFAOYSA-N
209	A_M6_posPFP_01	4.71	303.1227	Priority	1	302.1154	C17H18O5		[M+H]+	CC1=CC(=O)C(C2(C1CC3=C(C(=O)OC3=C2)C)C)OC(=O)C	LWZCXTWCFCVAPB-NUTKFTJISA-N
210	A_M22_posPFP_02	5.5	695.4341	Priority	1	672.4449	C36H64O11		[M+Na]+	CC(=CCCC=C(C)CCC1C(CCC(O1)C(C)(C)OC2C(C(C(C(O2)CO)O)O)O)(C)O)CCC3C(CCC(O3)C(C)(C)O)(C)O	DPYJSGIGESZKHU-DUIWHAMXSA-N
211	A_M30_posPFP_01	6.02	554.2748	Priority	1	536.241	C31H36O8		[M+NH4]+	CC1C(C(OC1C2=CC3=C(C=C2)OCO3)C4=CC(=C(C=C4)OC(C)C(C5=CC(=C(C=C5)OC)OC)O)OC)C	BYTPMMJRDFCGKX-RYXVVOBLSA-N
212	A_M30_negPFP_03	4.42	809.4329	Priority	1	810.4402	C42H66O15		[M-H]-	CC1CCC2(CCC3(C(=CCC4C3(CCC5C4(CCC(C5(C)C)OC6C(C(C(C(O6)C(=O)O)O)O)O)C)C)C2C1(C)O)C)C(=O)OC7C(C(C(C(O7)CO)O)O)O	HCFFYRGPTPKLPK-HHNOJRCQSA-N
213	E_M76_posPFP_01	0.31	140.107	Priority	1	139.0997	C8H13NO		[M+H]+	C1CC1N2CCC(=O)CC2	DTUJRJIWGWTNFQ-UHFFFAOYSA-N
214	E_M33_posPFP_01	0.32	764.8774	Priority	1	746.8435	C16H20I3N3O7		[M+NH4]+	CC(=O)NC1=C(C(=C(C(=C1I)C(=O)NCC(CO)O)I)C(=O)NCC(CO)O)I	BHCBLTRDEYPMFZ-UHFFFAOYSA-N
215	E_M38_negPFP_03	6.39	541.1632	Priority	1	542.1705	C33H25F3O4		[M-H]-	C1C(CC2=CC=CC=C2C1C3=C(C4=CC=CC=C4OC3=O)O)C5=CC=C(C=C5)OCC6=CC=C(C=C6)C(F)(F)F	KKBGNYHHEIAGOH-UHFFFAOYSA-N
216	A_M27_negPFP_03	5.53	902.5119	Priority	1	857.5137	C44H75NO15		[M+FA-H]-	CC(=O)NC1C(C(C(OC1OC(C)(C)C2CCC(O2)(C)C(CCC(=C)C3CCC4C3(CCC5C4(CCC(O5)C(C)(C)OC6C(C(C(C(O6)CO)O)O)O)C)C)O)CO)O)O	LRHHFHPQWVDGIQ-JTHVBYAHSA-N
217	A_M8_negPFP_03	2.98	493.2291	Priority	1	448.2309	C21H36O10		[M+FA-H]-	CC1(C2CCC1(C(C2)OC3C(C(C(C(O3)COC4C(C(CO4)(CO)O)O)O)O)O)C)C	RVQFSOHDFFWTLD-CNWHQPCMSA-N
218	A_M24_negPFP_03	0.39	405.1402	Priority	1	360.142	C16H24O9		[M+FA-H]-	COC1=C(C=CC(=C1)OC2C(C(C(C(O2)CO)O)O)O)CC(CO)O	VXXKDWBEVHGANN-XJWQLZQYSA-N
219	A_M23_posPFP_01	5.45	229.1434	Priority	1	228.1362	C12H20O4		[M+H]+	CCCCCCC=C(C(C)C(=O)O)C(=O)O	GFMGGFIBSURRGW-VIFPVBQESA-N
220	A_M6_posPFP_01	4.79	319.2268	Priority	1	318.2195	C20H30O3		[M+H]+	CC1(C2CCC34CC(CCC3C2(C=CC1=O)C)C(C4)(CO)O)C	JZXWITIZXDCGSC-UHFFFAOYSA-N
221	A_M26_posPFP_02	5.48	355.188	Priority	1	332.1988	C20H28O4		[M+Na]+	CC1=CC(C(=CC(C)CCC=C(CCC=C(C)C)C(=O)O)C1=O)O	QQQHFUHGZMFSOB-UHFFFAOYSA-N
222	A_M3_posPFP_02	2.44	359.2193	Priority	1	336.2301	C20H32O4		[M+Na]+	CC12CCC(=O)C(C1CCC34C2CC(CC3)C(C4)(CO)O)(C)CO	SYLBWUCYLWBMER-BHJGDWCPSA-N
223	A_M6_negPFP_03	1.6	199.0976	Priority	1	200.1049	C10H16O4		[M-H]-	CCCC1C(C(CO1)O)C=CC(=O)O	NQNFBFWPHHJVSM-UHFFFAOYSA-N
224	A_M30_negPFP_03	5.08	889.1469	Priority	1	890.1542	C42H34O22		[M-H]-	C1C2C(C(C(C(O2)OC3=CC(=C(C(=C3)O)C(=O)CCC4=CC=C(C=C4)O)O)O)OC(=O)C5=CC(=C(C(=C5)O)O)O)OC(=O)C6=CC(=C(C(=C6C7=C(C(=C(C=C7C(=O)O1)O)O)O)O)O)O	PLESAOGBVATPML-LMAPNQLBSA-N
225	E_M40_negPFP_04	0.39	475.1473	Priority	1	440.1779	C24H26ClFN4O		[M+Cl]-	C1CN(CCC1C2=CN(C3=C2C=C(C=C3)Cl)C4=CC=C(C=C4)F)CCN5CCNC5=O	GZKLJWGUPQBVJQ-UHFFFAOYSA-N
226	E_M76_posPFP_01	3.26	148.0757	Priority	1	147.0684	C9H9NO		[M+H]+	COC1=CC2=C(C=C1)NC=C2	DWAQDRSOVMLGRQ-UHFFFAOYSA-N
227	E_M35_posPFP_01	6.16	489.1243	Priority	1	488.1171	C27H22Cl2N4O		[M+H]+	CN1C=NC=C1C(C2=CC=C(C=C2)Cl)(C3=CC4=C(C=C3)N(C(=O)C=C4C5=CC(=CC=C5)Cl)C)N	PLHJCIYEEKOWNM-UHFFFAOYSA-N
228	A_M23_posPFP_01	4.28	251.1642	Priority	1	250.1569	C15H22O3		[M+H]+	CC1CC=C2C(=C1C=O)OC(C2(C)C)C(C)CO	BUOMUXLXLTWQRD-UHFFFAOYSA-N
229	A_M3_posPFP_01	5.76	337.2737	Priority	1	336.2664	C21H36O3		[M+H]+	CCC(C)C1C(=CC2CC(CC(C2C1(C)C(=O)CCO)C)C)CO	VOCMJEUNEDTYIN-JKMCDVCNSA-N
230	A_M6_posPFP_02	5.63	371.1829	Priority	1	348.1937	C20H28O5		[M+Na]+	CC1=C(OC=C1)C(C(C2(CCC=C(C(=O)O2)CCC=C(C)C)C)O)O	HETFHSADNIQCEJ-UHFFFAOYSA-N
231	A_M26_posPFP_02	4.14	551.2827	Priority	1	528.2935	C27H44O10		[M+Na]+	CC(=CCCC(=CCCC(C)(C=C)OC1C(C(C(C(O1)CO)O)O)O)CO)CC(C=C(C)C(=O)OC)O	ZVUKZMWLRYNENB-KPPISPLZSA-N
232	A_M28_negPFP_03	3.69	329.1031	Priority	1	330.1103	C18H18O6		[M-H]-	COC1=C(C=CC(=C1)C=CC(=O)OCC(C2=CC=C(C=C2)O)O)O	CLQSQZGNPFWGAE-INIZCTEOSA-N
233	A_M6_negPFP_03	2.75	265.1445	Priority	1	266.1518	C15H22O4		[M-H]-	CC1=C(CC2(C13CCC(C3C(C2)O)(C)O)C)C(=O)O	JVWMEYMYQAAGMM-VDEZILSRSA-N
234	A_M24_negPFP_03	5.63	371.1136	Priority	1	372.1209	C20H20O7		[M-H]-	CC1CC2(C3C(C1C)C4=CC5=C(C=C4OC36C(=CC2=O)OCO6)OCO5)O	LRDZBWWOVQELFI-UHFFFAOYSA-N
235	A_M8_negPFP_03	1.82	495.1144	Priority	1	496.1217	C22H24O13		[M-H]-	COC1=C(C=CC(=C1)C(=O)OC2=CC(=CC(=C2CC(=O)O)O)OC3C(C(C(C(O3)CO)O)O)O)O	QCKMSYZHBPNLCB-ZFVOUSBOSA-N
236	A_M30_negPFP_03	3.79	1129.5436	Priority	1	1130.5509	C55H86O24		[M-H]-	CC1C(C(C(C(O1)OC2C(C(COC2OC3CCC4(C(C3(C)C)CCC5(C4CC=C6C5(CCC7(C6CC(CC7)(C)C(=O)O)C(=O)OC8C(C(C(C(O8)COC9C(C(C(C(O9)COC(=O)C)O)O)O)O)O)O)C)C)C)O)O)O)O)O	YYJQHCMKQJHGGA-VBJBMQEVSA-N
237	E_M76_posPFP_01	5.9	278.1176	Priority	1	277.1103	C18H15NO2		[M+H]+	CC1=CC=CC=C1NC(=O)C2=CC3=CC=CC=C3C=C2O	FBLAHUMENIHUGG-UHFFFAOYSA-N
238	E_M35_posPFP_01	7.09	531.4408	Priority	1	530.4335	C34H58O4		[M+H]+	CCCCCCCCCCCCCOC(=O)C1=CC=CC=C1C(=O)OCCCCCCCCCCCCC	YCZJVRCZIPDYHH-UHFFFAOYSA-N
239	E_M40_negPFP_03	5.97	500.9259	Priority	1	501.9332	C8F18O2S		[M-H]-	C(C(C(C(C(F)(F)S(=O)(=O)F)(F)F)(F)F)(F)F)(C(C(C(F)(F)F)(F)F)(F)F)(F)F	BHFJBHMTEDLICO-UHFFFAOYSA-N
240	A_M6_negPFP_04	2.04	374.1376	Priority	1	339.1682	C17H25NO6		[M+Cl]-	CCC(C(C)O)(C(=O)OCC1=CC=C(C=C1)NCCCC(=O)O)O	JGCPVCKZVBKIHO-UHFFFAOYSA-N
241	A_M24_negPFP_04	2.24	457.0907	Priority	1	422.1213	C20H22O10		[M+Cl]-	C1=CC(=CC=C1COC(=O)C2=CC(=C(C=C2)O)O)OC3C(C(C(C(O3)CO)O)O)O	LRFIKYDSTHZRKW-STEXWYFWSA-N
242	A_M8_negPFP_04	1.82	671.0657	Priority	1	636.0963	C27H24O18		[M+Cl]-	C1=C(C=C(C(=C1O)O)O)C(=O)OCC2C(C(C(C(O2)OC(=O)C3=CC(=C(C(=C3)O)O)O)O)O)OC(=O)C4=CC(=C(C(=C4)O)O)O	SUAXOYITDJNGFM-AJHJKSEASA-N
243	A_M26_posPFP_01	4.5	589.3007	Priority	1	588.2935	C32H44O10		[M+H]+	CC1C(C(C(C(O1)OC2CCC3(C4CC(C5(C(CCC5(C4CCC3=C2)O)C6=COC(=O)C=C6)C)OC(=O)C)C)O)O)O	XBOVCSNIOQPGAW-UBNYYTIRSA-N
244	A_M23_posPFP_01	5.43	421.2585	Priority	1	420.2512	C24H36O6		[M+H]+	CC(=O)OCC1(C2CCC34CC(CCC3C2(CCC1=O)C)C(C4)(COC(=O)C)O)C	YXNJBOPJNBXMGA-HUDUBEJRSA-N
245	A_M3_posPFP_02	2.89	553.2619	Priority	1	530.2727	C26H42O11		[M+Na]+	CC1(CCC2C(C1O)OC(=O)CC3C2(CCCC3(C)C(=O)O)C)CCOC4C(C(C(C(O4)CO)O)O)O	LZIOIGRHSJIZED-UHFFFAOYSA-N
246	A_M6_posPFP_01	2.79	424.1602	Priority	1	406.1264	C20H22O9		[M+NH4]+	C1=CC(=CC=C1COC(=O)C2=CC=C(C=C2)O)OC3C(C(C(C(O3)CO)O)O)O	VKSWFQCTDQBTII-STEXWYFWSA-N
247	A_M28_negPFP_03	5.51	375.0722	Priority	1	376.0794	C18H16O9		[M-H]-	CC1=CC(=C(C(=C1C(=O)O)OC2=C(C(=CC(=C2C)OC)C(=O)O)O)C=O)O	WBPAMTGAAPNFPT-UHFFFAOYSA-N
248	E_M86_posPFP_01	8.18	453.2397	Priority	1	452.2325	C27H28N6O		[M+H]+	CCOC1=CC=C(C=C1)C2=NC3=C(N2)C=C(C=C3)C4=NC5=C(N4)C=C(C=C5)N6CCN(CC6)C	PRDFBSVERLRRMY-UHFFFAOYSA-N
249	E_M35_posPFP_01	6.61	625.8278	Priority	1	624.8205	C19H11Cl2I2NO3		[M+H]+	C1=CC(=CC=C1OC2=C(C=C(C=C2)NC(=O)C3=C(C(=CC(=C3)I)I)O)Cl)Cl	NEMNPWINWMHUMR-UHFFFAOYSA-N
250	E_M44_negPFP_03	4.02	175.0401	Priority	1	176.0473	C10H8O3		[M-H]-	CC1=C(OC2=CC=CC=C12)C(=O)O	YMZTUCZCQMQFMK-UHFFFAOYSA-N
251	A_M22_negPFP_03	1.03	209.0819	Bonus	1	164.0837	C10H12O2		[M+FA-H]-	COC1=CC=C(C=C1)C=CCO	NYICIIFSBJOBKE-UHFFFAOYSA-N
252	A_M15_negPFP_03	0.79	359.1348	Bonus	1	314.1366	C15H22O7		[M+FA-H]-	C1=CC(=CC=C1CCCOC2C(C(C(C(O2)CO)O)O)O)O	UTQOLIYEFVSSCL-AICCOOGYSA-N
253	A_M12_posPFP_01	3.22	455.1489	Bonus	1	454.1416	C28H22O6		[M+H]+	C1=CC(=CC=C1C=C2C(C(C3=C2C=C(C=C3O)O)C4=CC=C(C=C4)O)C5=CC(=CC(=C5)O)O)O	BIQMSWPBPAKGSE-UHFFFAOYSA-N
254	A_M15_posPFP_01	3.69	329.2323	Bonus	1	328.225	C18H32O5		[M+H]+	CC(CCCC=CCC=CC(C(CCCCCC(=O)O)O)O)O	CAIKQNWPWSTGHN-UHFFFAOYSA-N
255	A_M1_posPFP_01	1.72	265.1071	Bonus	1	264.0998	C14H16O5		[M+H]+	CCC1(C(C2=COC(=C(C2=CC1=O)C)C(=O)O)O)C	CNXACDYPVKUDEK-UHFFFAOYSA-N
256	A_M7_posPFP_01	6.24	403.2326	Bonus	1	402.2254	C20H34O8		[M+H]+	CCCCOC(=O)CC(CC(=O)OCCCC)(C(=O)OCCCC)OC(=O)C	QZCLKYGREBVARF-UHFFFAOYSA-N
257	A_M19_posPFP_02	5.91	685.3922	Bonus	1	662.403	C37H58O10		[M+Na]+	CC1CC2C(OC3(C1C4(CCC56CC57CCC(C(C7CCC6C4(C3O)C)(C)C)OC8C(C(C(CO8)O)O)O)C)O2)C(C)(C)OC(=O)C	NNFJPOSVDKIWPO-JSNBICHOSA-N
258	A_M10_posPFP_01	5.2	434.2748	Bonus	1	416.241	C21H36O8		[M+NH4]+	CC(=CCCC(=CCCC(C)(CC(=O)O)OC1C(C(C(C(O1)CO)O)O)O)C)C	AJXDSAZVECQTSV-JCICCBKCSA-N
259	A_M14_posPFP_01	5.98	502.3527	Bonus	1	484.3189	C30H44O5		[M+NH4]+	CC1CC2C(C(OC3(C1C4(CCC56CC57C=CC(=O)C(C7CCC6C4(C3O)C)(C)C)C)O2)(C)C)O	CKIDYWZCPUNPOX-UHFFFAOYSA-N
260	A_M17_posPFP_01	2.14	402.1759	Bonus	1	384.142	C18H24O9		[M+NH4]+	CCCCC1(C2=C(C=CC=C2OC3C(C(C(C(O3)CO)O)O)O)C(=O)O1)O	VDPAKISICIIDIJ-MPCGSQQASA-N
261	A_M2_negPFP_03	5.35	899.1676	Bonus	1	900.1749	C44H36O21		[M-H]-	C1C2C(C(C(C(O2)OC3=CC(=C(C(=C3)O)C(=O)CCC4=CC=C(C=C4)O)O)O)OC(=O)C=CC5=CC(=C(C=C5)O)O)OC(=O)C6=CC(=C(C(=C6C7=C(C(=C(C=C7C(=O)O1)O)O)O)O)O)O	ADNMXQSCHOROTR-VHZKUOFCSA-N
262	A_M1_negPFP_03	4.94	237.1496	Bonus	1	238.1569	C14H22O3		[M-H]-	CC1(CCCC2(C1CC(C(=C2)C(=O)O)O)C)C	LQZXAHKUYJVAAR-UHFFFAOYSA-N
263	A_M13_negPFP_03	0.78	353.0878	Bonus	1	354.0951	C16H18O9		[M-H]-	CC1=CC(=CC2=C1C(=CC(=O)O2)OC3C(C(C(C(O3)CO)O)O)O)O	NPDJLYQZNREONG-MNNDFKHZSA-N
264	E_M17_posPFP_01	5.35	249.0789	Bonus	1	248.0716	C13H13ClN2O		[M+H]+	C1CC(C2=C(C1)C3=C(N2)C=CC(=C3)Cl)C(=O)N	FUZYTVDVLBBXDL-UHFFFAOYSA-N
265	A_M2_negPFP_04	4.92	1227.5571	Bonus	1	1192.5877	C57H92O26		[M+Cl]-	CC1C(C(C(C(O1)OC2C(COC(C2O)OC3C(OC(C(C3OC4C(C(CO4)(CO)O)O)O)OC5C(C(COC5OC(=O)C67CCC(CC6C8=CCC9C1(CC(C(C(C1C(CC9(C8(CC7)C)C)O)(C)CO)O)O)C)(C)C)O)O)C)O)O)O)O	GKIBQZNTGYPVPX-BFWMOCKMSA-N
266	A_M4_negPFP_03	0.34	345.0827	Bonus	1	300.0845	C13H16O8		[M+FA-H]-	C1=CC(=CC=C1C(=O)O)OC2C(C(C(C(O2)CO)O)O)O	XSSDYIMYZONMBL-UHFFFAOYSA-N
267	A_M13_negPFP_03	5.08	457.2443	Bonus	1	412.2461	C22H36O7		[M+FA-H]-	CC12CCCC(C1CCC(=C)C2CCC3(C(C(OC3OC)OC)O)O)(C)C(=O)O	ZVVJVAKXIGRPRA-UHFFFAOYSA-N
268	A_M15_posPFP_01	5.83	361.201	Bonus	1	360.1937	C21H28O5		[M+H]+	CC1=C2COC(=O)C2=C(C(=C1OC)CC=C(C)CCC=C(C)CCO)O	DNVWQCQBNPHAPT-UHFFFAOYSA-N
269	A_M1_posPFP_01	2	297.1081	Bonus	1	296.1008	C13H16N2O6		[M+H]+	CC(C(C(=O)OC)NC(=O)C1=C(C(=CC=C1)NC=O)O)O	FKDSAXOHMLWBNA-XCBNKYQSSA-N
270	A_M1_posPFP_01	5.51	317.2111	Bonus	1	316.2038	C20H28O3		[M+H]+	CC1=C2C=C3CCC4C(C(CCC4(C3CC2OC1=O)C)O)(C)C	KZIADLALQLRZIQ-DBVHFHOUSA-N
271	A_M8_posPFP_01	1.21	211.1441	Bonus	1	210.1368	C11H18N2O2		[M+H]+	CC(C)CC1C(=O)N2CCCC2C(=O)N1	SZJNCZMRZAUNQT-UHFFFAOYSA-N
272	A_M12_posPFP_01	0.93	465.1028	Bonus	1	464.0955	C21H20O12		[M+H]+	C1=CC(=C(C(=C1)OC2C(C(C(C(O2)CO)O)O)O)C3=C(C(=O)C4=C(C=C(C=C4O3)O)O)O)O	WLCYEFFWFTVKQR-LTONGVQOSA-N
273	A_M14_posPFP_02	5.83	569.3449	Bonus	1	546.3557	C32H50O7		[M+Na]+	CC1CC2C(OC3(C1C4(C(CC56CC57CCC(C(C7CCC6C4(C3O)C)(C)C)O)O)C)O2)C(C)(C)OC(=O)C	KEVQRIWNMCXXHQ-UHFFFAOYSA-N
274	A_M17_posPFP_01	1.13	434.2021	Bonus	1	416.1683	C19H28O10		[M+NH4]+	C1=CC=C(C=C1)CCOC2C(C(C(C(O2)COC3C(C(C(O3)CO)O)O)O)O)O	DWYFWLYCTOAXKY-XSNZJGGGSA-N
275	A_M10_posPFP_01	5.48	1080.5797	Bonus	1	1062.5458	C48H86O25		[M+NH4]+	CCCCCC(CC(CC(=O)OC(CCCCC)CC(CC(=O)OC(CCCCC)CC(CC(=O)O)OC1C(C(C(C(O1)CO)O)O)O)OC2C(C(C(C(O2)CO)O)O)O)OC3C(C(C(C(O3)CO)O)O)O)O	QOPHHVLUTLSYGH-UHFFFAOYSA-N
276	A_M15_negPFP_03	4.15	345.1707	Bonus	1	346.178	C20H26O5		[M-H]-	CC(CO)C(C)C(C1=CC(=C(C=C1)O)OC)C2=CC(=C(C=C2)O)OC	BVFKMONTRIVXBO-UHFFFAOYSA-N
277	A_M22_negPFP_03	1.04	227.0925	Bonus	1	228.0998	C11H16O5		[M-H]-	"
CC1C(=O)C(O)(C(O)C=1O)C(=O)CC(C)C"	HBRRDZNNYPXQDQ-UHFFFAOYSA-N
278	E_M28_posPFP_01	0.29	173.0921	Bonus	1	172.0848	C7H12N2O3		[M+H]+	C1CC(NC1)C(=O)NCC(=O)O	RNKSNIBMTUYWSH-YFKPBYRVSA-N
279	A_M13_negPFP_03	2.14	503.177	Bonus	1	458.1788	C21H30O11		[M+FA-H]-	CC1C(C(C(C(O1)OCC2C(C(C(C(O2)OC3=C(C=CC(=C3)CC=C)O)O)O)O)O)O)O	IXBZGANUFHLILF-OGNZNRKXSA-N
280	A_M15_negPFP_03	5.5	791.4223	Bonus	1	746.4241	C41H62O12		[M+FA-H]-	CC1C(C(C(C(O1)OC2C(C(COC2OC3CCC4(C(C3(C)C)CCC5(C4C=CC6=C7C(C8(CCC7(CCC65C)C(=O)O8)C)(C)O)C)C)O)O)O)O)O	QTRIRAUZWBJZCA-LADYGZEBSA-N
281	A_M11_posPFP_01	4.65	275.1278	Bonus	1	274.1205	C16H18O4		[M+H]+	COC1=C(C=C(C(=C1)CCC2=CC(=CC=C2)O)O)OC	AXCJOIQUPCZRLS-UHFFFAOYSA-N
282	A_M15_posPFP_01	4.98	384.2381	Bonus	1	383.2308	C20H33NO6		[M+H]+	CCCCC(CC=CCC=CCCCC(=O)NC(CCC(=O)O)C(=O)O)O	CCUGMZLHJFWECW-UHFFFAOYSA-N
283	A_M12_posPFP_01	0.55	773.2135	Bonus	1	772.2062	C33H40O21		[M+H]+	CC1C(C(C(C(O1)OC2C(C(C(OC2OC3=C(OC4=CC(=CC(=C4C3=O)O)OC5C(C(C(C(O5)CO)O)O)O)C6=CC(=C(C=C6)O)O)CO)O)O)O)O)O	CGTJNKQXMHSGFN-IUFBPARZSA-N
284	A_M17_posPFP_01	6.05	487.3418	Bonus	1	486.3345	C30H46O5		[M+H]+	CC1CC2C(C(OC3(C1C4(CCC56CC57CCC(=O)C(C7CCC6C4(C3O)C)(C)C)C)O2)(C)C)O	IQAAHGZZGBMTBN-UHFFFAOYSA-N
285	A_M20_posPFP_01	4.31	227.1179	Bonus	1	226.1106	C14H14N2O		[M+H]+	CCC1=NC=CC2=C1NC3=C2C=CC(=C3)OC	QQQXZACTFUGYLB-UHFFFAOYSA-N
286	A_M1_posPFP_02	6.2	391.1516	Bonus	1	368.1624	C22H24O5		[M+Na]+	CC(=CCCC(=CCOC1=C2C=COC2=C(C3=C1C=CC(=O)O3)OC)C)C	OQHQALGVQDTJDN-UHFFFAOYSA-N
287	A_M8_posPFP_02	5.92	343.2244	Bonus	1	320.2351	C20H32O3		[M+Na]+	CC(=CCCC(=CCCC(=CCCC(=CCO)C)C)C(=O)O)C	USXGDFAHMRCBBX-UHFFFAOYSA-N
288	A_M1_posPFP_01	5.93	1178.5225	Bonus	1	1160.4887	C54H80O27		[M+NH4]+	CC=C(C)C(=O)OCC1C(C(C(C(O1)OC2C(C(C(C(O2)COC(=O)C(=CC)C)O)O)OC3C(C(C(C(O3)CO)OC(=O)C(=CC)C)OC(=O)C(=CC)C)O)OC4C(C(C(C(O4)CO)OC(=O)CC(C)C)OC(=O)C(=CC)C)O)O)O	ZMPVBRFIWNEARM-FCYBPOFXSA-N
289	A_M4_negPFP_03	3.83	529.2807	Bonus	1	530.288	C30H42O8		[M-H]-	CC(CC(=O)CC(C)C(=O)O)C1CC(=O)C2(C1(C(C(=O)C3=C2C(CC4C3(CCC(=O)C4(C)C)C)O)O)C)C	LCIUOVOXWPIXOR-LMRBZDFLSA-N
290	A_M22_negPFP_03	4.67	295.1551	Bonus	1	296.1624	C16H24O5		[M-H]-	CC(=CCCC(=CCCC(C)(C=CC(=O)O)O)C(=O)O)C	WKFXEXJTYHWXLU-INIZCTEOSA-N
291	E_M28_posPFP_01	6.38	277.1335	Bonus	1	276.1263	C18H16N2O		[M+H]+	CC1=CC(=C(C=C1)N=NC2=C(C=CC3=CC=CC=C32)O)C	JBTHDAVBDKKSRW-FMQUCBEESA-N
292	A_M15_negPFP_03	4.69	1133.5385	Bonus	1	1088.5403	C53H84O23		[M+FA-H]-	CC1C(C(C(C(O1)OC2C(C(COC2OC3CCC4(C(C3(C)C)CCC5(C4CC(C6=C7C(C8(CCC7(CCC65C)C(=O)O8)C)(C)O)O)C)C)O)OC9C(C(C(C(O9)CO)O)O)OC1C(C(C(C(O1)CO)O)O)O)O)O)O	OKFRAIRVSPMCCP-GAKNCEQWSA-N
293	A_M13_posPFP_01	5.82	235.1693	Bonus	1	234.162	C15H22O2		[M+H]+	CC1CCCC2C1(CC3=C(C(=O)OC3C2)C)C	AEQDXSFIHGWHDV-RNKJKDHYSA-N
294	A_M11_posPFP_01	3.96	311.1489	Bonus	1	310.1416	C16H22O6		[M+H]+	CC1=C(C=C(OC1=O)C=CCCCCC(CC(=O)O)O)OC	NKZPOJBFXMXUED-LBPRGKRZSA-N
295	A_M17_posPFP_01	5.21	516.2592	Bonus	1	515.2519	C28H37NO8		[M+H]+	CC1CCC2C(C(CCC2(C13CC4=C(C=C5CN(C(=O)C5=C4O3)C(CCC(=O)O)C(=O)O)O)C)O)(C)C	PFSIWOQTKVCWEC-UHFFFAOYSA-N
296	A_M20_posPFP_01	5.4	287.055	Bonus	1	286.0477	C15H10O6		[M+H]+	COC(=O)C1=C2C(=CC(=C1)O)OC3=CC=CC(=C3C2=O)O	YBQTVIMCHXORHO-UHFFFAOYSA-N
297	A_M8_posPFP_02	3.58	557.1993	Bonus	1	534.2101	C27H34O11		[M+Na]+	COC1=C(C=C(C=C1)CC2C(COC2=O)CC3=CC(=C(C=C3)OC4C(C(C(C(O4)CO)O)O)O)OC)OC	AEMJDNJKSCBKRL-UHFFFAOYSA-N
298	A_M2_posPFP_02	1.59	321.1309	Bonus	1	298.1416	C15H22O6		[M+Na]+	CC(CCCC(C)(C1=C(C=C(C=C1)C(=O)O)O)O)(CO)O	CYAWKJKAMCXLET-UHFFFAOYSA-N
299	A_M1_posPFP_01	0.48	394.1708	Bonus	1	376.137	C16H24O10		[M+NH4]+	CCC1=C(C(COC1=O)C(=O)O)CCOC2C(C(C(C(O2)CO)O)O)O	GGUPBNDFNVHEBP-PANSSLBXSA-N
300	A_M15_posPFP_01	3.48	478.3163	Bonus	1	460.2825	C27H40O6		[M+NH4]+	CC1(C(CCC2(C1CC(C3=C2C(=O)CC4(C3(C(CC4C5(CCC(=O)O5)C)O)C)C)O)C)O)C	SRCUJKNQZOLYMY-UHFFFAOYSA-N
301	A_M4_negPFP_03	0.63	901.2619	Bonus	1	902.2692	C39H50O24		[M-H]-	CC1C(C(C(C(O1)OCC2C(C(C(C(O2)OC3=C(OC4=CC(=CC(=C4C3=O)O)OC5C(C(C(C(O5)CO)O)O)OC6C(C(C(C(O6)C)O)O)O)C7=CC=C(C=C7)O)O)O)O)O)O)O	UKLPMOHKLUPGON-LJNAWGQTSA-N
302	A_M13_negPFP_03	2.43	509.1301	Bonus	1	510.1373	C23H26O13		[M-H]-	COC1=CC(=CC(=C1O)OC)C(=O)OCC2C(C(C(C(O2)OC3=C(C=C(C=C3)C(=O)O)OC)O)O)O	VZZORQCDLWXFQF-HQBFLTFPSA-N
303	E_M28_posPFP_01	5.35	293.1648	Bonus	1	292.1576	C19H20N2O		[M+H]+	CC(=O)NCCC1=C(NC2=CC=CC=C21)CC3=CC=CC=C3	WVVXBPKOIZGVNS-UHFFFAOYSA-N
304	A_M16_negPFP_03	4.47	999.4806	Bonus	1	954.4824	C48H74O19		[M+FA-H]-	CC1C(C(C(C(O1)OC2C(OC(C(C2O)O)OCC3C(C(C(C(O3)OC(=O)C45CCC(C4C6CC7C8C(C6(CC5)C)(CCC(C8(C(CC(=O)O7)O)C)C(=C)C)C)C(=C)C)O)O)O)CO)O)O)O	JVLBOZIUMGNKQW-PFEIDDDNSA-N
305	A_M4_negPFP_03	5.12	1249.6223	Bonus	1	1204.6241	C59H96O25		[M+FA-H]-	CC1C(C(C(C(O1)OC2C(OC(C(C2O)O)OC(=O)C34CCC(CC3C5=CCC6C7(CCC(C(C7CCC6(C5(CC4)C)C)(C)C)OC8C(C(C(CO8)O)O)OC9C(C(C(C(O9)CO)O)O)OC1C(C(C(C(O1)C)O)O)O)C)(C)C)CO)O)O)O	QMTVSBYGSSFPPX-XQDZFCBSSA-N
306	A_M15_posPFP_01	5.87	485.3262	Bonus	1	484.3189	C30H44O5		[M+H]+	CC(=C)C1CCC2(C1C3CC4C5C(C3(CC2)C)(CCC(C5(C(CC(=O)O4)O)C)C(=C)C)C)C(=O)O	BYCBJBLIOKGBPB-BIYNXQDYSA-N
307	A_M13_posPFP_01	2.99	266.1023	Bonus	1	265.095	C13H15NO5		[M+H]+	C1=CC=C(C(=C1)C(=O)O)NC(=O)CCCCC(=O)O	GNZBDHIIHNEXIT-UHFFFAOYSA-N
308	A_M2_posPFP_01	5.56	317.2111	Bonus	1	316.2038	C20H28O3		[M+H]+	CC(C)C1=CC2=C(C=C1)C3(CCCC(C3CC2O)(C)C(=O)O)C	GPFVBJYXFRIOFB-UHFFFAOYSA-N
309	A_M9_posPFP_01	4.89	273.1121	Bonus	1	272.1049	C16H16O4		[M+H]+	CC1CC2=C(C(O1)C)C(=O)C3=C(C2=O)C=CC=C3OC	IAJIIJBMBCZPSW-BDAKNGLRSA-N
310	A_M18_posPFP_01	2.64	226.1438	Bonus	1	225.1365	C12H19NO3		[M+H]+	C(CC=CCC=CCCC(=O)N)CC(=O)O	WWRKWRLCWQCCHU-UHFFFAOYSA-N
311	A_M11_posPFP_01	6.08	343.1904	Bonus	1	342.1831	C21H26O4		[M+H]+	CCC(C)C=CC=CC(=O)OC1C=CC2=CC(=O)C(=CC2(C1C)C)O	XIQRWECUXAGJNR-UHFFFAOYSA-N
312	A_M20_posPFP_02	4.06	392.2044	Bonus	1	369.2151	C19H31NO6		[M+Na]+	CCCC(CC=CCC=CCCCC(=O)NC(CCC(=O)O)C(=O)O)O	GHHWUZRWIRAIRD-UHFFFAOYSA-N
313	A_M1_posPFP_02	2.03	553.2255	Bonus	1	530.2363	C25H38O12		[M+Na]+	CC1=CC(=O)CC(C1(C=CC(C)OC2C(C(C(C(O2)COC(=O)CC(C)(CC(=O)O)O)O)O)O)O)(C)C	JQZXPIPFYNVPHJ-GPFYMJNESA-N
314	A_M13_negPFP_03	2.65	541.1352	Bonus	1	542.1424	C27H26O12		[M-H]-	C1=CC(=CC=C1C=CC2=CC(=CC(=C2)O)O)OC3C(C(C(C(O3)COC(=O)C4=CC(=C(C(=C4)O)O)O)O)O)O	HQQSMUBDNVIUPF-DGCJFVAGSA-N
315	E_M28_posPFP_01	6.74	352.2383	Bonus	1	351.2311	C22H29N3O		[M+H]+	CCC(C)(C)C1=CC(=C(C(=C1)N2N=C3C=CC=CC3=N2)O)C(C)(C)CC	ZMWRRFHBXARRRT-UHFFFAOYSA-N
316	A_M18_posPFP_01	5.59	273.206	Bonus	1	272.1988	C15H28O4		[M+H]+	CC(C)CCCCCCC(C1CC(OC1=O)CO)O	BYJHCUIKVIAEAC-UHFFFAOYSA-N
317	A_M11_posPFP_01	5.52	413.1595	Bonus	1	412.1522	C23H24O7		[M+H]+	CC(=CCC1=C(C=CC2=C1OC3COC4=CC(=C(C=C4C3(C2=O)O)OC)OC)O)C	GHBZHAWROFXWAR-NZQKXSOJSA-N
318	A_M20_posPFP_01	5.92	387.1802	Bonus	1	386.1729	C22H26O6		[M+H]+	CC1CC2=CC3=C(C(=C2C4=C(C(=C(C=C4CC1C)OC)OC)OC)O)OCO3	PDDXWOMYBJCSQB-UHFFFAOYSA-N
319	A_M2_posPFP_01	2.79	903.2554	Bonus	1	902.2481	C42H46O22		[M+H]+	CC1C(C(C(C(O1)OC2C(C(C(OC2OC3=C(OC4=CC(=CC(=C4C3=O)O)OC5C(C(C(C(O5)CO)O)O)OC(=O)C=CC6=CC=C(C=C6)O)C7=CC=C(C=C7)O)CO)O)O)O)O)O	UDSPVVBVMAWQTL-KHXVSDPLSA-N
320	A_M13_posPFP_01	5.94	275.1642	Bonus	1	274.1569	C17H22O3		[M+H]+	CC=CC=CCCCCC=CC1=CC(=C(C(=O)O1)C)O	WFNXTYLZRVHCCW-UHFFFAOYSA-N
321	A_M9_posPFP_02	5.61	365.0996	Bonus	1	342.1103	C19H18O6		[M+Na]+	COC1=CC=C(C=C1)C2=CC(=O)C3=C(O2)C(=C(C=C3OC)OC)OC	DDGJUTBQQURRGE-UHFFFAOYSA-N
322	A_M15_posPFP_01	2.83	532.3116	Bonus	1	514.2778	C26H42O10		[M+NH4]+	CC1(CCC2C(C1)CC(=O)OC3C2(CC(CC3)(C)C(=O)O)C)CCOC4C(C(C(C(O4)CO)O)O)O	AOOZOANZHYOTDM-UHFFFAOYSA-N
323	A_M1_posPFP_01	6.03	554.2748	Bonus	1	536.241	C31H36O8		[M+NH4]+	CC1C(C(OC1C2=CC(=C(C=C2)OC)OC)C3=CC(=C(C=C3)OC(C)C(C4=CC5=C(C=C4)OCO5)O)OC)C	HVQJVSACIKTWQR-RYXVVOBLSA-N
324	A_M6_negPFP_03	5.37	489.3222	Bonus	1	490.3294	C29H46O6		[M-H]-	CC(C)C(=C)CC(C(C)C(=O)CCC1C2=C(CCC1(C)O)C3(CCC(C(C3CC2)C(=O)O)O)C)O	COTTWHFDYUNZOT-UHFFFAOYSA-N
325	A_M16_negPFP_03	5.37	1641.7178	Bonus	1	1642.725	C75H118O39		[M-H]-	CC1C(C(C(C(O1)OC2C(OC(C(C2O)OC3C(C(C(C(O3)C)OC4C(C(C(CO4)O)OC5C(C(C(CO5)O)O)O)O)O)O)OC(=O)C67CCC(CC6C8=CCC9C1(CCC(C(C1CCC9(C8(CC7)C)C)(C)C=O)OC1C(C(C(C(O1)C(=O)O)O)OC1C(C(C(CO1)O)O)O)OC1C(C(C(C(O1)CO)O)O)O)C)(C)C)C)O)O)O	UAEZPQXQAIYKCX-UKLCWAQSSA-N
326	A_M13_negPFP_03	5.21	1073.5538	Bonus	1	1074.5611	C53H86O22		[M-H]-	CC1C(C(C(C(O1)OC2CCC3(C4CCC5=C(C4(CCC3C2(C)C)C)CCC6(C5CC(CC6)(C)C)C(=O)OC7C(C(C(C(O7)COC8C(C(C(C(O8)CO)O)O)O)O)O)O)C)O)O)OC9C(C(C(C(O9)CO)O)O)O	UDJCPBQDHIOJEZ-RJDNMXFMSA-N
327	E_M28_posPFP_01	0.23	380.1551	Bonus	1	362.1213	C15H22O10		[M+NH4]+	C1=COC(C2C1C(C3C2(O3)CO)O)OC4C(C(C(C(O4)CO)O)O)O	LHDWRKICQLTVDL-CLLMHHLUSA-N
328	A_M6_negPFP_03	5.27	953.4752	Bonus	1	908.477	C47H72O17		[M+FA-H]-	CC1C(C(C(C(O1)OC2C(C(COC2OC3CCC4(C(C3(C)C)CCC5(C4C=CC6=C7C(C8(CCC7(CCC65C)C(=O)O8)C)(C)O)C)C)O)OC9C(C(C(C(O9)CO)O)O)O)O)O)O	ROLIIKCIEQNTMT-RLASXNLOSA-N
329	A_M3_posPFP_01	5.6	371.1489	Bonus	1	370.1416	C21H22O6		[M+H]+	COC1=C(C=C(C=C1)C2C3COC(C3CO2)C4=CC5=C(C=C4)OCO5)OC	AWOGQCSIVCQXBT-UGCQDJOBSA-N
330	A_M9_posPFP_01	4.53	377.1595	Bonus	1	376.1522	C20H24O7		[M+H]+	CC=C(C)C(=O)OC(C(C1=C(C=C2C(=C1)C=CC(=O)O2)OC)O)C(C)(C)O	GFMYIOGFYYHKLA-MSOLQXFVSA-N
331	A_M18_posPFP_01	3.25	281.1384	Bonus	1	280.1311	C15H20O5		[M+H]+	CC1CCC=C(C1(C)CC2=C(COC2=O)CO)C(=O)O	NJQQRUULYCFGOY-UHFFFAOYSA-N
332	A_M1_posPFP_01	2.31	903.2554	Bonus	1	902.2481	C42H46O22		[M+H]+	CC1C(C(C(C(O1)OC2C(C(C(OC2OC3=C(OC4=CC(=CC(=C4C3=O)O)OC5C(C(C(C(O5)COC(=O)C=CC6=CC=C(C=C6)O)O)O)O)C7=CC=C(C=C7)O)CO)O)O)O)O)O	NYZUREUOQAHPFZ-QWCCAIKUSA-N
333	A_M15_posPFP_01	5.53	659.3062	Bonus	1	658.2989	C35H46O12		[M+H]+	CC(CC(=O)CC(C)C(=O)O)C1CC(=O)C2(C1(C(C(=O)C3=C2C(=O)CC4C3(CCC(C4(C)C)OC(=O)CC(=O)O)C)OC(=O)C)C)C	WRDRGEUZCODXHY-UHFFFAOYSA-N
334	A_M11_posPFP_01	3.83	417.2483	Bonus	1	416.241	C21H36O8		[M+H]+	CC(CCC=C(C)CCC1CC(=O)OC1(C)C)OC2C(C(C(C(O2)CO)O)O)O	ZADCROHMCBYQOL-KSFZEVTFSA-N
335	A_M13_posPFP_02	5.53	345.24	Bonus	1	322.2508	C20H34O3		[M+Na]+	CC(=CCCC(=CCCC(=CCC(C(=CCO)C)O)C)CO)C	CCXYKDOOFDMCGS-GLAVUTQJSA-N
336	A_M20_posPFP_01	5.89	436.233	Bonus	1	418.1992	C23H30O7		[M+NH4]+	CC=CC1=CC(=C(C(=C1)OC)OC(C)C(C2=CC(=C(C(=C2)OC)OC)OC)O)OC	FLBWVIKFCMUTDS-SZNDQCEHSA-N
337	A_M13_negPFP_03	4.3	1381.6282	Bonus	1	1382.6354	C64H102O32		[M-H]-	CC1C(C(C(C(O1)OC2C(C(COC2OC(=O)C34CCC(CC3C5=CCC6C(C5(CC4O)C)(CCC7C6(CC(C(C7(C)CO)OC8C(C(C(C(O8)CO)O)O)OC9C(C(C(C(O9)CO)O)O)O)O)C)C)(C)C)O)O)O)OC1C(C(C(CO1)O)O)O)OC(=O)CC(C)(CC(=O)O)O	OEEQFNDQHVCCFW-JBRULZQPSA-N
338	A_M17_negPFP_03	0.94	223.0976	Bonus	1	224.1049	C12H16O4		[M-H]-	CC(C(CC1C2=C(CO1)C(=CC=C2)O)O)O	VWNBIHJYLBWFKS-UHFFFAOYSA-N
339	E_M28_posPFP_01	6.01	369.1333	Bonus	1	368.126	C21H20O6		[M+H]+	CC(=CCC1=C2C(=C(C=C1O)O)C(=O)C(=C(O2)C3=CC=C(C=C3)OC)O)C	TUUXBSASAQJECY-UHFFFAOYSA-N
340	A_M8_negPFP_03	4.43	1341.5969	Bonus	1	1296.5987	C60H96O30		[M+FA-H]-	CC1(CCC2(CCC3(C(=CCC4C3(CCC5C4(CCC(C5(C)C(=O)OC6C(C(C(C(O6)CO)O)O)O)O)C)C)C2C1)C)C(=O)OC7C(C(C(C(O7)COC8C(C(C(C(O8)CO)O)O)OC9C(C(C(C(O9)CO)O)O)O)O)OC1C(C(C(C(O1)CO)O)O)O)O)C	SHDCOAGAKQAHTD-VONUOISVSA-N
341	A_M13_posPFP_01	2.99	379.2479	Bonus	1	378.2406	C22H34O5		[M+H]+	CC(=CCO)CCC1C(=C)CCC2C1(C(CCC2(C)C(=O)O)OC(=O)C)C	LUNSNRWUCHZPDQ-UHFFFAOYSA-N
342	A_M16_posPFP_01	0.99	223.0601	Bonus	1	222.0528	C11H10O5		[M+H]+	COC(=O)C(=C)OC1=CC=CC(=C1)C(=O)O	SWBWWNMIUNNZJC-UHFFFAOYSA-N
343	A_M2_posPFP_02	1.82	209.0784	Bonus	1	186.0892	C9H14O4		[M+Na]+	C(CCC(=O)O)CC=CCC(=O)O	PPVPALXLGVOWHV-UHFFFAOYSA-N
344	A_M11_posPFP_02	0.47	475.1786	Bonus	1	452.1894	C19H32O12		[M+Na]+	CC(C1CC(=O)OC1(C)C)OC2C(C(C(C(O2)COC3C(C(CO3)(CO)O)O)O)O)O	STSAPANRGPUFDY-VAVSPWHYSA-N
345	A_M18_posPFP_02	0.38	338.121	Bonus	1	315.1318	C14H21NO7		[M+Na]+	C1CC(=CC#N)C(CC1O)OC2C(C(C(C(O2)CO)O)O)O	XUADVCPTUKSFOK-BKZLMLJWSA-N
346	A_M9_posPFP_01	5.29	668.4368	Bonus	1	650.403	C36H58O10		[M+NH4]+	CC1(CCC2(CCC3(C(=CCC4C3(CCC5C4(CC(C(C5(C)CO)O)O)C)C)C2C1)C)C(=O)OC6C(C(C(C(O6)CO)O)O)O)C	CJHYKSSBQRABTM-WTTBAFRVSA-N
347	A_M20_posPFP_01	5.89	506.384	Bonus	1	488.3502	C30H48O5		[M+NH4]+	CC1CC2C(C(OC3(C1C4(CCC56CC57CCC(C(C7CCC6C4(C3O)C)(C)C)O)C)O2)(C)C)O	KZGFHCNCJXEGAD-JAVVREIBSA-N
348	A_M3_posPFP_01	4.8	504.1631	Bonus	1	486.1293	C22H27ClO10		[M+NH4]+	CC(=O)OC1C(C2C(C3C(O3)(CCC=C1C(=O)OC)C)OC(=O)C2=C)OC(=O)C(C)(CCl)O	PGNVHGFFGWMRSN-XGGIRRNYSA-N
349	A_M17_negPFP_03	4.16	279.1238	Bonus	1	280.1311	C15H20O5		[M-H]-	CC1(CC2C(C1)C(CC3=C(C2O)C(=O)OC3=O)(C)O)C	MRKJHJBMSPPNKC-UHFFFAOYSA-N
350	A_M14_negPFP_03	2.12	345.1344	Bonus	1	346.1416	C19H22O6		[M-H]-	COC1=C(C=CC(=C1)C2C(C3=C(O2)C(=CC(=C3)CCCO)O)CO)O	PKORXOLYTWDULG-RDTXWAMCSA-N
351	E_M28_negPFP_03	0.33	291.0634	Bonus	1	246.0652	C9H11FN2O5		[M+FA-H]- 	C1=CN(C(=O)NC1=O)C2C(C(C(O2)CO)O)F	UIYWFOZZIZEEKJ-XVFCMESISA-N
352	E_M28_posPFP_01	5.55	383.1788	Bonus	1	382.1715	C22H26N2O2S		[M+H]+	CN1CCCC1CC2=CNC3=C2C=C(C=C3)CCS(=O)(=O)C4=CC=CC=C4	PWVXXGRKLHYWKM-LJQANCHMSA-N
353	A_M14_negPFP_03	3.42	1119.5593	Bonus	1	1074.5611	C53H86O22		[M+FA-H]-	CC1C(C(C(C(O1)OC2C(C(COC2OC3CCC4(C(C3(C)C)CCC5(C4CC=C6C5(CCC7(C6CC(CC7)(C)CO)C(=O)OC8C(C(C(C(O8)COC9C(C(C(C(O9)CO)O)O)O)O)O)O)C)C)C)O)O)O)O)O	KDGYEAWBQIDEFT-LUFHAGIYSA-N
354	A_M10_negPFP_03	4.99	1363.6176	Bonus	1	1318.6194	C63H98O29		[M+FA-H]-	CC1C2C(C(C(O1)OC3C(C(COC3OC(=O)C45CCC(CC4C6=CCC7C(C6(CC5)C)(CCC8C7(CC(C(C8(C)CO)OC9C(C(C(C(O9)CO)O)O)OC1C(C(C(CO1)OC(=O)CC(CC(=O)O2)(C)O)O)O)O)C)C)(C)C)O)O)O)OC1C(C(C(CO1)O)O)O	MCPFEAJYKIXPQF-FJXGNUQDSA-N
355	A_M17_negPFP_03	5.54	795.4536	Bonus	1	750.4554	C41H66O12		[M+FA-H]-	CC1(CCC2(CCC3(C(=CCC4C3(CCC5C4(CCC(C5(C)C)OC6C(C(C(CO6)O)O)O)C)C)C2C1)C)C(=O)OC7C(C(C(C(O7)CO)O)O)O)C	VXRNZMDDBZNPKJ-PPFLKOLASA-N
356	A_M18_posPFP_01	1.73	331.1751	Bonus	1	330.1679	C16H26O7		[M+H]+	CC1(C2CC1C(C(=O)C2)(C)OC3C(C(C(C(O3)CO)O)O)O)C	GJOYPICCRRYJFZ-IHJCDDSVSA-N
357	A_M2_posPFP_01	3.89	243.1016	Bonus	1	242.0943	C15H14O3		[M+H]+	COC1=C(C=C2CCC3=C(C2=C1)C=CC(=C3)O)O	HIFMHFYYAXWFIN-UHFFFAOYSA-N
358	A_M11_posPFP_01	5.78	500.2643	Bonus	1	499.257	C28H37NO7		[M+H]+	CCC(C)C=CC=CC(=O)OC1C=CC2=CC3(C(CC2(C1C)C)(C(=C)C(=O)N3CCCC(=O)O)O)O	REIKGNZFNCYMMZ-RWYVSWDTSA-N
359	A_M16_posPFP_01	5.83	235.1693	Bonus	1	234.162	C15H22O2		[M+H]+	CC1(CCCC(=C)C12CCC(=CC2)C(=O)O)C	TYVCBWCQQAMFRG-HNNXBMFYSA-N
360	A_M13_posPFP_02	5.58	675.4079	Bonus	1	652.4187	C36H60O10		[M+Na]+	CC1(C2CCC3=C(C2(CC(C1O)OC(=O)CC(C)(CC(=O)O)O)C)CC(C4(C3(CCC4C(CCC(C(C)(C)O)O)CO)C)C)O)C	FLXWNHMMKNTKDN-UHFFFAOYSA-N
361	A_M20_posPFP_02	6.11	543.1989	Bonus	1	520.2097	C30H32O8		[M+Na]+	CC1C(C(OC1C2=CC3=C(C=C2)OCO3)C4=CC(=C(C=C4)OC(C)C(C5=CC6=C(C=C5)OCO6)O)OC)C	XYQJFJKRYAIFAO-KVGJNFRLSA-N
362	A_M9_posPFP_01	5.53	944.5577	Bonus	1	926.5239	C48H78O17		[M+NH4]+	CC1C(C(C(C(O1)OC2C(C(C(OC2OC3C(C(C(OC3OC4CCC5(C(C4(C)C)CCC6(C5CC=C7C6(CCC8(C7CC(CC8O)(C)C)C)C)C)C)C(=O)O)O)O)CO)O)O)O)O)O	ISTWCKNDZOSMPU-CIORFEAFSA-N
363	A_M3_posPFP_01	5.26	580.3844	Bonus	1	562.3506	C32H50O8		[M+NH4]+	CC(=O)OC(C)(C)CCC(=O)C(C)(C1C(CC2(C1(CC(=O)C3(C2CC=C4C3CC(C(C4(C)C)O)O)C)C)C)O)O	LKYNAQSYQLFTCM-MLIAOTSXSA-N
364	E_M33_posPFP_02	5.8	808.3416	Bonus	1	785.3524	C43H51N3O11		[M+Na]+	CC1C=CC=C(C(=O)NC2=C(C3=C(C4=C(C(=C3O)C)OC(C4=O)(OC=CC(C(C(C(C(C(C1O)C)O)C)OC(=O)C)C)OC)C)C5=C2N6C=CC(=CC6=N5)C)O)C	NZCRJKRKKOLAOJ-XWSQLESMSA-N
365	E_M28_negPFP_03	0.58	295.0547	Bonus	1	296.062	C10H11F3N2O5		[M-H]-	C1C(C(OC1N2C=C(C(=O)NC2=O)C(F)(F)F)CO)O	VSQQQLOSPVPRAZ-RRKCRQDMSA-N
366	A_M13_posPFP_01	5.31	778.4134	Bonus	1	777.4061	C40H55N7O9		[M+H]+	CCC(C)C1C(=O)NC(C(=O)NC(C(=O)NC(C(=O)NC2=CC=CC=C2C(=O)NC(C(=O)N3CCCC3C(=O)N1)C(C)CC)CC4=CC=C(C=C4)O)C)C(C)O	BSMORZQXPRJUEU-UHFFFAOYSA-N
367	A_M21_posPFP_01	3.39	319.1751	Bonus	1	318.1679	C15H26O7		[M+H]+	CCC(C)C=CC=CC(=O)OCC(C(C(C(CO)O)O)O)O	DBRPBQZVPSHBSR-UHFFFAOYSA-N
368	A_M3_posPFP_01	2.8	903.2554	Bonus	1	902.2481	C42H46O22		[M+H]+	CC1C(C(C(C(O1)OC2C(C(C(OC2OC3=C(OC4=CC(=CC(=C4C3=O)O)OC5C(C(C(C(O5)CO)O)O)OC(=O)C=CC6=CC=C(C=C6)O)C7=CC=C(C=C7)O)CO)O)O)O)O)O	UDSPVVBVMAWQTL-PETBMZKLSA-N
369	A_M10_posPFP_01	1.62	197.1172	Bonus	1	196.1099	C11H16O3		[M+H]+	CC1(CC(CC2(C1=CC(=O)O2)C)O)C	XEVQXKKKAVVSMW-UHFFFAOYSA-N
370	A_M16_posPFP_02	3.47	291.1567	Bonus	1	268.1675	C15H24O4		[M+Na]+	CC1CCC=C2C1(CC(C(C2O)O)C(C)C(=O)O)C	LQXFBNBJYFTPIH-UHFFFAOYSA-N
371	A_M18_posPFP_02	6.03	373.1985	Bonus	1	350.2093	C20H30O5		[M+Na]+	CC=CC=CC(=O)OC1C(C(OC(=O)C1(C)O)C(C)CC(=CC)C)C	WUZMQUYIFZVHQK-UHFFFAOYSA-N
372	A_M2_posPFP_01	2.42	352.1027	Bonus	1	334.0689	C16H14O8		[M+NH4]+	COC1=C(C=CC(=C1)C(=O)OC2=CC(=CC(=C2CC(=O)O)O)O)O	MVLIBLLSHYGYKV-UHFFFAOYSA-N
373	A_M11_posPFP_01	2.01	558.1817	Bonus	1	540.1479	C24H28O14		[M+NH4]+	COC1=CC(=CC(=C1O)OC)C(=O)OCC2C(C(C(C(O2)OC3=C(C=C(C=C3OC)C(=O)O)OC)O)O)O	SNDSJLKXRHARRI-BKGYPRMNSA-N
374	A_M17_negPFP_03	5.85	793.4016	Bonus	1	794.4089	C41H62O15		[M-H]-	CC1(CCC2(CCC3(C(=CCC4C3(CCC5C4(CCC(C5(C)C)OC6C(C(C(C(O6)C(=O)O)O)OC(C(C(=O)O)O)OCC(=O)O)O)C)C)C2C1)C)C(=O)O)C	FHMLSFRFOXEUGU-NYEXGJSRSA-N
375	A_M20_negPFP_03	4.17	247.134	Bonus	1	248.1412	C15H20O3		[M-H]-	CC1CC(=O)C=C2C1(CC(CC2)C(=C)C(=O)O)C	GAWKUNMREBFQOL-ISOBSLSZSA-N
376	E_M28_negPFP_03	0.94	346.078	Bonus	1	301.0798	C12H15NO8		[M+FA-H]- 	C1=CC(=CC=C1[N+](=O)[O-])OC2C(C(C(C(O2)CO)O)O)O	IFBHRQDFSNCLOZ-IIRVCBMXSA-N
377	E_M17_posPFP_01	6.36	586.2177	Bonus	1	585.2104	C35H36ClNO3S		[M+H]+	CC(C)(C1=CC=CC=C1CCC(C2=CC=CC(=C2)C=CC3=NC4=C(C=CC(=C4)Cl)C=C3)SCC5(CC5)CC(=O)O)O	UCHDWCPVSPXUMX-XNTDXEJSSA-N
378	E_M33_posPFP_01	6.73	1128.665	Bonus	1	1110.6312	C54H90N6O18		[M+NH4]+	CC1C(=O)NC(C(=O)OC(C(=O)NC(C(=O)OC(C(=O)NC(C(=O)OC(C(=O)NC(C(=O)OC(C(=O)NC(C(=O)OC(C(=O)NC(C(=O)O1)C(C)C)C(C)C)C(C)C)C)C(C)C)C(C)C)C(C)C)C)C(C)C)C(C)C)C(C)C	FCFNRCROJUBPLU-DNDCDFAISA-N
379	A_M10_negPFP_03	5.65	365.2333	Bonus	1	320.2351	C20H32O3		[M+FA-H]-	CC1CCCC2C1(CC(C(=C)C2(C)CCC(=CC(=O)O)C)O)C	RRGXTNAHUODMQF-NGMIUWCPSA-N
380	A_M20_negPFP_03	5.98	608.4379	Bonus	1	563.4397	C30H61NO8		[M+FA-H]-	CC(C(CCCCCCCCCCCCCCCCCCC(C(C)OC1C(C(C(C(O1)CO)O)O)O)O)O)N	ZZGSDJOIQPLEJT-UHFFFAOYSA-N
381	A_M4_posPFP_01	5.77	317.2111	Bonus	1	316.2038	C20H28O3		[M+H]+	CC12CCCC3(C1C(C(C45C2CCC(C4)C(=C)C5)O)OC3=O)C	AHKUFTRUMQKIPH-YTBLMUGYSA-N
382	A_M11_posPFP_01	5.45	647.2334	Bonus	1	646.2262	C32H38O14		[M+H]+	CC1C(C(C(C(O1)OC2=C(OC3=C(C(=CC(=C3C2=O)O)O)CC=C(C)C)C4=CC=C(C=C4)OC)OC5C(C(C(CO5)O)O)O)O)O	BVDGQVAUJNUPGW-XZYNUEHNSA-N
383	A_M2_posPFP_01	5.57	337.2737	Bonus	1	336.2664	C21H36O3		[M+H]+	CCC(C)C1C(=CC2C(C1(C)C(=O)CCO)C(CC(C2O)C)C)C	INRRKSNDPRKXCH-UHFFFAOYSA-N
384	A_M16_posPFP_01	1.94	417.1391	Bonus	1	416.1319	C18H24O11		[M+H]+	CC(=O)OCC1C(C(C(C(O1)OC2C(C3(CCOC(=O)C3=CO2)O)C=C)O)O)O	IQWFMLIFUZTUPY-TYRDIDCNSA-N
385	A_M13_posPFP_02	4.1	965.4717	Bonus	1	942.4824	C47H74O19		[M+Na]+	CC1CCC2(CCC3(C(=CCC4C3(CCC5C4(CCC(C5(C)C)OC6C(C(C(C(O6)C(=O)O)O)O)OC7C(C(C(CO7)O)O)O)C)C)C2C1(C)O)C)C(=O)OC8C(C(C(C(O8)CO)O)O)O	RTJHZPMEHNGXKQ-SQCZSNSMSA-N
386	A_M10_posPFP_02	1.09	561.1942	Bonus	1	538.205	C26H34O12		[M+Na]+	COC1=C(C=CC(=C1)C2C(C(CO2)C(C3=CC(=C(C=C3)O)OC)OC4C(C(C(C(O4)CO)O)O)O)CO)O	WMABCPOXSNGIJO-UHFFFAOYSA-N
387	A_M18_posPFP_01	4.45	402.2122	Bonus	1	384.1784	C19H28O8		[M+NH4]+	CC1CC(C2C(C(C(C2(C1C(=O)O)O)(C)C=O)OC(=O)C)(C)C)OC(=O)C	KABDICRTRLPPFE-DHLSWZRESA-N
388	A_M21_posPFP_01	5.92	348.2169	Bonus	1	330.1831	C20H26O4		[M+NH4]+	CC1=CC(=O)OC1=CC=C(C)CCC=C(CCC=C(C)C)C(=O)O	XMGYICKYGJRMIY-UHFFFAOYSA-N
389	A_M17_negPFP_03	3.91	955.4908	Bonus	1	956.4981	C48H76O19		[M-H]-	CC1C(C(C(C(O1)OC2CCC3(C(C2(C)C)CCC4(C3CC=C5C4(CCC6(C5CC(CC6)(C)C)C(=O)OC7C(C(C(C(O7)CO)O)O)O)C(=O)O)C)C)O)O)OC8C(C(C(C(O8)CO)O)O)O	VYHYYPSTYRXLPO-HYKQYNPXSA-N
390	E_M17_posPFP_01	2.85	611.197	Bonus	1	610.1898	C28H34O15		[M+H]+	CC1C(C(C(C(O1)OCC2C(C(C(C(O2)OC3=CC(=C4C(=O)CC(OC4=C3)C5=CC(=C(C=C5)OC)O)O)O)O)O)O)O)O	QUQPHWDTPGMPEX-SGHBVPQBSA-N
391	E_M33_posPFP_01	8.22	813.2654	Bonus	1	812.2581	C42H45ClN6O5S2		[M+H]+	CN(C)CCC(CSC1=CC=CC=C1)NC2=C(C=C(C=C2)S(=O)(=O)NC(=O)C3=CC=C(C=C3)N4CCN(CC4)CC5=CC=CC=C5C6=CC=C(C=C6)Cl)[N+](=O)[O-]	HPLNQCPCUACXLM-PGUFJCEWSA-N
392	E_M28_negPFP_03	5.69	317.2122	Bonus	1	318.2195	C20H30O3		[M-H]-	CC12CCCC(C1CCC34C2CCC(C3)(C(=C)C4)O)(C)C(=O)O	QFVOYBUQQBFCRH-VQSWZGCSSA-N
393	A_M18_negPFP_03	5.54	795.4536	Bonus	1	750.4554	C41H66O12		[M+FA-H]-	CC1C(C(C(C(O1)OC2C(C(COC2OC3CCC4(C(C3(C)C)CCC5(C4CC=C6C5(CCC7(C6CC(CC7)(C)CO)C(=O)O)C)C)C)O)O)O)O)O	JCZHPSVJKBHAGR-CDFHCRDHSA-N
394	A_M20_negPFP_03	5.35	809.4329	Bonus	1	764.4347	C41H64O13		[M+FA-H]-	CC1C(C(C(C(O1)OC2C(C(COC2OC3CCC4(C(C3(C)C)CCC5(C4CC(C6=C7C(C8(CCC7(CCC65C)C(=O)O8)C)(C)O)O)C)C)O)O)O)O)O	SJXTZRXLMREHNE-NXKUZLGNSA-N
395	A_M2_posPFP_01	6.29	369.2325	Bonus	1	368.2252	C26H28N2		[M+H]+	CC(=CCC1=CC2=C(C=C1)C(=CN2)C(C=C(C)C)C3=CC4=C(C=C3)C=CN4)C	FNELRTTWUIVSEN-HSZRJFAPSA-N
396	A_M18_posPFP_01	5.25	417.202	Bonus	1	416.1947	C22H28N2O6		[M+H]+	CC1C=CC2CCCCC2C1C3=CC(=C(C(=O)O3)C=O)NC(CCC(=O)N)C(=O)O	IIIQNYBMLKYCLT-UHFFFAOYSA-N
397	A_M4_posPFP_01	5.45	491.2276	Bonus	1	490.2203	C26H34O9		[M+H]+	CC1=C2COC(=O)C2=C(C3=C1OC4(CC(C56C(C4C3)(CCC(O5)(OC6(C)CO)OC)C)O)C)OC	LCDHGZGHZZLGHK-UHFFFAOYSA-N
398	A_M14_posPFP_01	5.9	235.1693	Bonus	1	234.162	C15H22O2		[M+H]+	CC1CCC23C1CCC2(CC(=C3C)C(=O)O)C	SUFSOKMJLLAQQX-HLHNXRDNSA-N
399	A_M10_posPFP_02	5.13	673.3922	Bonus	1	650.403	C36H58O10		[M+Na]+	CC1CCC2(CCC3(C(=CCC4C3(CCC5C4(CCC(C5(C)CO)O)C)C)C2C1(C)O)C)C(=O)OC6C(C(C(C(O6)CO)O)O)O	LARPFJIXBULVPK-LFHLQLAPSA-N
400	A_M21_posPFP_02	4.2	392.2044	Bonus	1	369.2151	C19H31NO6		[M+Na]+	CCCCC(C=CCC=CCCCC(=O)NC(CCC(=O)O)C(=O)O)O	WWFRJDFUXORQBA-UHFFFAOYSA-N
401	A_M11_posPFP_01	3.77	670.2705	Bonus	1	652.2367	C31H40O15		[M+NH4]+	CC1C(C(C(C(O1)OC2C(C(OC(C2O)OCCC3=CC(=C(C=C3)O)OC)COC(=O)C=CC4=CC(=C(C=C4)O)OC)O)O)O)O	QENWCQKJIZGISX-UHFFFAOYSA-N
402	A_M16_posPFP_01	0.44	480.2076	Bonus	1	462.1737	C20H30O12		[M+NH4]+	CC1C(C(C(C(O1)OCC2C(C(C(C(O2)OC3=C(C=CC(=C3)CCO)O)O)O)O)O)O)O	YXWUKVNWHJHQJJ-ULHBTYKESA-N
403	A_M10_negPFP_03	1.33	341.1242	Bonus	1	342.1315	C16H22O8		[M-H]-	C(CC#CC#CCCC(=O)O)COC1C(C(C(C(O1)CO)O)O)O	BAGGOTACEXSWCA-TXUJKZCJSA-N
404	E_M17_posPFP_01	3.8	525.9007	Bonus	1	524.8934	C15H13I2NO4		[M+H]+	C1=CC(=CC=C1O)OC2=C(C=C(C=C2I)CC(C(=O)O)N)I	ZHSOTLOTTDYIIK-UHFFFAOYSA-N
405	E_M33_posPFP_02	6.23	921.4971	Bonus	1	898.5079	C50H74O14		[M+Na]+	CC1C=CC=C2COC3C2(C(C=C(C3O)C)C(=O)OC4CC(CC=C(C1OC5CC(C(C(O5)C)OC6CC(C(C(O6)C)O)OC)OC)C)OC7(C4)C=CC(C(O7)C8CCCCC8)C)O	QLFZZSKTJWDQOS-YDBLARSUSA-N
406	A_M1_negPFP_04	1.24	219.0793	Bonus	1	184.1099	C10H16O3		[M+Cl]-	CC1=C(C(CCC1O)(C)C)C(=O)O	IJTFWVKHFTZVSR-ZETCQYMHSA-N
407	A_M5_posPFP_01	2.78	193.0859	Bonus	1	192.0786	C11H12O3		[M+H]+	CC(=O)C=CC1=CC(=C(C=C1)O)OC	AFWKBSMFXWNGRE-UHFFFAOYSA-N
408	A_M14_posPFP_01	4.95	267.1227	Bonus	1	266.1154	C14H18O5		[M+H]+	CC1=C(C=C(C(=C1C(C)C(=O)C)C(=O)OC)O)OC	SMOXLKTYOHPSFE-ZETCQYMHSA-N
409	A_M2_posPFP_01	5.27	403.1387	Bonus	1	402.1315	C21H22O8		[M+H]+	COC1=C(C=C(C=C1)C2=C(C(=O)C3=C(O2)C(=C(C=C3OC)OC)OC)OC)OC	XBZIUXVIWRAJKB-UHFFFAOYSA-N
410	A_M18_posPFP_01	6.25	469.2221	Bonus	1	468.2148	C27H32O7		[M+H]+	CC=C(C)C(=O)OC1=C2C(=CC(=C1OC)OC)CC(C(CC3=CC4=C(C(=C32)OC)OCO4)C)C	ZRJPWPHGPZYNIS-CVEARBPZSA-N
411	A_M21_posPFP_01	5.17	522.3789	Bonus	1	504.3451	C30H48O6		[M+NH4]+	CC12CCC34CC3(C(CCC4C1(CCC2C(CCC=C(CO)CO)CO)C)C(=C)CO)CCC(=O)O	JKWDYHQUZQNLNR-UHFFFAOYSA-N
412	A_M16_posPFP_01	5.94	570.3061	Bonus	1	552.2723	C32H40O8		[M+NH4]+	CC1C(C(OC1C2=CC(=C(C=C2)OC)OC)C3=CC(=C(C=C3)OC(C)C(C4=CC(=C(C=C4)OC)OC)O)OC)C	JYXVAMLAJSGCDL-NFVTZAPZSA-N
413	A_M11_posPFP_01	3.96	956.5061	Bonus	1	938.4723	C44H74O21		[M+NH4]+	CC1C(C(C(C(O1)OCC2C(C(C(C(O2)OCC(=CCCC(=CCCC(=CCCC(C)(C=C)OC3C(C(C(C(O3)CO)O)O)O)CO)C)C)O)O)OC4C(C(C(C(O4)C)O)O)O)O)O)O	OEXNWSIXBSIJSR-VCFHHZPJSA-N
414	A_M10_negPFP_03	5.72	349.2384	Bonus	1	350.2457	C21H34O4		[M-H]-	CCC(C)C1C(=CC2CC(CC(C2C1(C)C(=O)CCO)C)C)C(=O)O	OHLTUTMHRFQVHX-UHFFFAOYSA-N
415	A_M19_negPFP_03	4.66	247.134	Bonus	1	248.1412	C15H20O3		[M-H]-	CC1C(CCC2(C1=CC3C(C2)OC(=O)C3=C)C)O	PIVYLYLYFUMPBO-UHFFFAOYSA-N
416	A_M21_negPFP_03	1.06	151.0401	Bonus	1	152.0473	C8H8O3		[M-H]-	C1C(C=CC2=CC(=O)OC21)O	RAXNUTINVDSFEU-NKWVEPMBSA-N
417	E_M17_posPFP_01	4.4	368.218	Bonus	1	367.2107	C18H29N3O5		[M+H]+	CC(C)(C)NCC(C1=CC(=CC(=C1)OC(=O)N(C)C)OC(=O)N(C)C)O	ANZXOIAKUNOVQU-UHFFFAOYSA-N
418	A_M1_negPFP_04	0.78	233.0586	Bonus	1	198.0892	C10H14O4		[M+Cl]-	CC1=CC(=C(C=C1)C(CO)(CO)O)O	GSLQFCAUUPKMEV-UHFFFAOYSA-N
419	A_M19_negPFP_03	0.68	325.1293	Bonus	1	280.1311	C15H20O5		[M+FA-H]-	CC1=C2CC3C(CCC3(C(C=C2OC1=O)(C)O)O)(C)O	HPNXJLIPUVXDNH-SPWCGHHHSA-N
420	A_M14_posPFP_01	5.63	275.1642	Bonus	1	274.1569	C17H22O3		[M+H]+	CC1C=CC2CCCCC2C1C3=CC(=C(C(=O)O3)C)O	BNZVTXLUECVXIJ-UHFFFAOYSA-N
421	A_M18_posPFP_01	6.01	487.3418	Bonus	1	486.3345	C30H46O5		[M+H]+	CC1C2C(CC3(C2(CCC45C3CCC6C4(C5)CCC(=O)C6(C)C)C)C)OC7(C1OC(C7O)(C)C)O	OQQCBMOTOPRDSL-UHFFFAOYSA-N
422	A_M16_posPFP_01	5.89	661.3946	Bonus	1	660.3874	C37H56O10		[M+H]+	CC1CC2C(OC3(C1C4(CCC56CC57CCC(C(C7CC=C6C4(C3O)C)(C)C)OC8C(C(C(CO8)O)O)O)C)O2)C(C)(C)OC(=O)C	OZEXWSOYHYUSFA-OQDXJULVSA-N
423	A_M2_posPFP_01	6.11	441.2272	Bonus	1	440.2199	C26H32O6		[M+H]+	CCCCCC1=CC2=CC(=CC(=C2C(=O)O1)OC3=C(C=C(C=C3O)OC)CCCCC)O	PONBYQAAIAEAEY-UHFFFAOYSA-N
424	A_M5_posPFP_01	3.9	362.1962	Bonus	1	344.1624	C20H24O5		[M+NH4]+	COC1=C(C=CC(=C1)CCC(CC(=O)CCC2=CC=C(C=C2)O)O)O	WAHUIEHYVBLIER-SFHVURJKSA-N
425	A_M11_posPFP_01	5.51	1080.5797	Bonus	1	1062.5458	C48H86O25		[M+NH4]+	CCCCCC(CC(CC(=O)OC(CCCCC)CC(CC(=O)OC(CCCCC)CC(CC(=O)O)OC1C(C(C(C(O1)CO)O)O)O)OC2C(C(C(C(O2)CO)O)O)O)O)OC3C(C(C(C(O3)CO)O)O)O	ZIPCQERYPWBFTF-UHFFFAOYSA-N
426	A_M10_negPFP_03	2.85	449.1089	Bonus	1	450.1162	C21H22O11		[M-H]-	C1C(OC2=CC(=CC(=C2C1=O)O)O)C3=CC(=C(C=C3)O)OC4C(C(C(C(O4)CO)O)O)O	KTDWFYOXQQWERW-GCNAUYOQSA-N
427	A_M21_negPFP_03	3.72	225.1132	Bonus	1	226.1205	C12H18O4		[M-H]-	C(CC=CCC=CCCC(=O)O)CC(=O)O	PNGRUNJOXYILEZ-UHFFFAOYSA-N
428	E_M17_posPFP_01	3.23	315.091	Bonus	1	314.0837	C15H14N4O2S		[M+H]+	C1=CC=C(C=C1)N2C(=CC=N2)NS(=O)(=O)C3=CC=C(C=C3)N	QWCJHSGMANYXCW-UHFFFAOYSA-N
429	A_M10_negPFP_03	5.45	977.5327	Bonus	1	932.5345	C47H80O18		[M+FA-H]-	CC(=CCCC(C)(C1CCC2(C1C(CC3C2(CCC4C3(CC(C(C4(C)C)OC5C(C(C(C(O5)CO)O)O)O)O)C)C)O)C)OC6C(C(C(C(O6)COC7C(C(C(CO7)O)O)O)O)O)O)C	GELOPBLVWSJPGZ-GQKYFYALSA-N
430	A_M18_posPFP_01	4.64	663.2284	Bonus	1	662.2211	C32H38O15		[M+H]+	CC1C(C(C(C(O1)OC2=C(OC3=C(C(=CC(=C3C2=O)O)O)CC=C(C)C)C4=CC=C(C=C4)O)OC5C(C(C(C(O5)CO)O)O)O)O)O	FWINXQRXURMYOG-JVZFEXMQSA-N
431	A_M2_posPFP_01	4.78	486.2599	Bonus	1	485.2526	C26H35N3O6		[M+H]+	CC1(NC2=CC=CC=C2C(=O)N1)CCCC=CCC=CCCCC(=O)NC(CCC(=O)O)C(=O)O	PJORSFDPCGOEBJ-UHFFFAOYSA-N
432	A_M16_posPFP_02	5.65	817.3593	Bonus	1	794.3701	C33H63O19P		[M+Na]+	CCC(C)CCCCCCCCCCC(=O)OCC(COP(=O)(O)OCC(COC1C(C(C(C(O1)COC2C(C(C(C(O2)CO)O)O)O)O)O)O)O)O	YOBDBZVQMUJKOX-UHFFFAOYSA-N
433	A_M12_posPFP_02	1.77	237.1097	Bonus	1	214.1205	C11H18O4		[M+Na]+	CC(CCC=C(CO)C(=O)OC)(C=C)O	ZMYLTLIECAVXTL-LLVKDONJSA-N
434	A_M5_posPFP_01	2.48	598.213	Bonus	1	580.1792	C27H32O14		[M+NH4]+	C1CC(C(C(C1O)O)(C(=O)OCC2=C(C=CC(=C2)O)OC3C(C(C(C(O3)COC(=O)C4=CC=CC=C4)O)O)O)O)O	JMCVYQUHLKARLD-UHFFFAOYSA-N
435	A_M14_posPFP_01	0.47	332.134	Bonus	1	314.1002	C14H18O8		[M+NH4]+	C1=CC=C(C=C1)C(C(=O)O)OC2C(C(C(C(O2)CO)O)O)O	PRBPGFIPERGSFI-USKPATFNSA-N
436	A_M19_negPFP_03	3.92	315.0874	Bonus	1	316.0947	C17H16O6		[M-H]-	COC1CC(=O)C2=C(C1=O)C3=C(C(=C(C=C3C=C2)OC)O)OC	CKOCCDGTCOMPKL-LBPRGKRZSA-N
437	A_M1_negPFP_03	5.04	437.1606	Bonus	1	438.1679	C25H26O7		[M-H]-	CC(=CCC1=C2C(=C3C(=C1O)C(=O)C(=CO3)C4=CC(=C(C=C4)O)O)CC(C(O2)(C)C)O)C	KMIAVXXXWOJFRF-LJQANCHMSA-N
438	A_M21_negPFP_03	5.15	275.1289	Bonus	1	276.1362	C16H20O4		[M-H]-	CC1=CC2=C(C=C1O)C(C(=O)C(=C2C(C)C)OC)(C)O	KUIKAQQHWIBPIM-INIZCTEOSA-N
439	E_M17_posPFP_01	5.47	336.0649	Bonus	1	335.0576	C14H13N3O5S		[M+H]+	CC1=CC(=NO1)NC(=O)C2=C(C3=CC=CC=C3S(=O)(=O)N2C)O	YYUAYBYLJSNDCX-UHFFFAOYSA-N
440	A_M1_negPFP_03	5.5	751.391	Bonus	1	706.3928	C38H58O12		[M+FA-H]-	CC(=O)OC(C)(C)C=CC(=O)C(C)(C1CCC2(C1(CC(=O)C3(C2CC=C4C3CC(C(C4(C)C)O)OC5C(C(C(C(O5)CO)O)O)O)C)C)C)O	VDBSGEAWBANKNK-UVKFBWJXSA-N
441	A_M19_negPFP_03	0.99	375.1661	Bonus	1	330.1679	C16H26O7		[M+FA-H]-	CC1(C2CC(=O)C1(CC2OC3C(C(C(C(O3)CO)O)O)O)C)C	YQIHQJXXKNXTBN-VKNJEMGASA-N
442	A_M18_posPFP_01	4.41	959.521	Bonus	1	958.5137	C48H78O19		[M+H]+	CC1C(C(C(C(O1)OC2C(C(C(OC2OC3C(C(C(OC3OC4CCC5(C(C4(C)CO)CCC6(C5CC=C7C6(CCC8(C7CC(CC8O)(C)CO)C)C)C)C)C(=O)O)O)O)CO)O)O)O)O)O	CPKUECAWPOGBJH-PHTWEMEZSA-N
443	A_M10_posPFP_01	5.57	259.0965	Bonus	1	258.0892	C15H14O4		[M+H]+	CC1(CCC2=C(O1)C(=O)C3=C(C2=O)C=CC=C3O)C	MYROJYNCTNKRCD-UHFFFAOYSA-N
444	A_M12_posPFP_02	1.26	285.1309	Bonus	1	262.1416	C12H22O6		[M+Na]+	CCCC=CCOC1C(C(C(C(O1)CO)O)O)O	GZDNGWOBFHUEOM-OSUNSFLBSA-N
445	A_M14_posPFP_02	3.88	351.2142	Bonus	1	328.225	C18H32O5		[M+Na]+	CCC(CCC=CCC=CC(C(CCCCCC(=O)O)O)O)O	LBOKXCGOVQDBKC-UHFFFAOYSA-N
446	A_M2_posPFP_02	5.85	553.2408	Bonus	1	530.2516	C29H38O9		[M+Na]+	CC=C(C)C(=O)OC1C2=CC(=C(C(=C2C3=C(C(=C(C=C3CC(C1(C)O)C)OC)OC)OC)OC)OC)OC	RHABJANPSGWEFC-UHFFFAOYSA-N
447	A_M16_posPFP_01	3.31	1106.5742	Bonus	1	1088.5403	C53H84O23		[M+NH4]+	CC1C(C(C(C(O1)OC2C(C(COC2OC3CCC4(C(C3(C)C)CCC5(C4CC=C6C5(CCC7(C6CC(CC7)(C)C(=O)O)C(=O)OC8C(C(C(C(O8)COC9C(C(C(C(O9)CO)O)O)O)O)O)O)C)C)C)O)O)O)O)O	QLZQRHCCZJLVSJ-DGYDAYBGSA-N
448	A_M5_posPFP_01	5.23	944.5213	Bonus	1	926.4875	C47H74O18		[M+NH4]+	CC1(CCC2(CCC3(C(=CCC4C3(CCC5C4(CCC(C5(C)C)OC6C(C(C(C(O6)C(=O)O)O)O)OC7C(C(C(CO7)O)O)O)C)C)C2C1)C)C(=O)OC8C(C(C(C(O8)CO)O)O)O)C	YTPBUIWNJRGZFW-HNBASAHXSA-N
449	A_M21_negPFP_03	4.15	357.098	Bonus	1	358.1053	C19H18O7		[M-H]-	COC1=C(C=C(C=C1)C=CC(=O)OCC(=O)CC2=CC(=C(C=C2)O)O)O	BZBZUGSXRITWQR-UHFFFAOYSA-N
450	A_M11_negPFP_03	4.95	1335.6227	Bonus	1	1336.63	C63H100O30		[M-H]-	CC1C(C(C(C(O1)OC2C(C(COC2OC(=O)C34CCC(CC3C5=CCC6C(C5(CC4)C)(CCC7C6(CC(C(C7(C)CO)OC8C(C(C(C(O8)CO)O)O)OC9C(C(C(CO9)O)O)O)O)C)C)(C)C)O)O)O)OC1C(C(C(CO1)O)O)O)OC(=O)CC(C)(CC(=O)O)O	TUOKVBKUAPFXAA-VRZLRGRSSA-N
451	E_M17_posPFP_01	3.65	297.1234	Bonus	1	296.1161	C17H16N2O3		[M+H]+	CC(=O)OC1CC2=CC=CC=C2N(C3=CC=CC=C13)C(=O)N	QIALRBLEEWJACW-INIZCTEOSA-N
452	A_M12_negPFP_03	5.21	1119.5593	Bonus	1	1074.5611	C53H86O22		[M+FA-H]-	CC1(CCC2(CCC3(C(=CCC4C3(CCC5C4(CCC(C5(C)C)OC6C(C(C(CO6)OC7C(C(C(C(O7)CO)O)O)O)O)OC8C(C(C(C(O8)CO)O)O)O)C)C)C2C1)C)C(=O)OC9C(C(C(C(O9)CO)O)O)O)C	KMEIZYNJCUTZNU-STDVHTBBSA-N
453	A_M10_posPFP_01	4.32	273.1121	Bonus	1	272.1049	C16H16O4		[M+H]+	COC1=CC(=CC2=C1C3=CC(=C(C=C3CC2)O)OC)O	BHEGXSNCDUBUFA-UHFFFAOYSA-N
454	A_M19_posPFP_01	1.11	227.0914	Bonus	1	226.0841	C11H14O5		[M+H]+	CC=CC1C(C(C2=C(O1)C(OC2=O)C)O)O	DXUWKSUWEMSKDA-QZXZYWPKSA-N
455	A_M17_posPFP_01	5.95	235.1693	Bonus	1	234.162	C15H22O2		[M+H]+	CC(=CCCC(=CCCC(=C)C=C)C(=O)O)C	HBQSMPQLVZXNJG-UHFFFAOYSA-N
456	A_M12_posPFP_01	4.64	275.1278	Bonus	1	274.1205	C16H18O4		[M+H]+	COC1=CC(=CC(=C1OC)O)CCC2=CC(=CC=C2)O	SXTIQENJRJOCLX-UHFFFAOYSA-N
457	A_M6_posPFP_01	1.1	194.0812	Bonus	1	193.0739	C10H11NO3		[M+H]+	COC1=C(C=CC(=C1)C=CC(=O)N)O	YYAJJKZSQWOLIP-UHFFFAOYSA-N
458	A_M2_posPFP_01	5.46	580.3844	Bonus	1	562.3506	C32H50O8		[M+NH4]+	CC1CC(OC(=O)C1C2(CCC34CC35CCC(C(C5CCC4C2(C)C(=O)O)(C)C)O)C)C(C(C)(C)O)OC(=O)C	GEQDRLKIGRWJJA-UHFFFAOYSA-N
459	A_M14_posPFP_01	5.98	378.2275	Bonus	1	360.1937	C21H28O5		[M+NH4]+	CC1=C2COC(=O)C2=C(C(=C1OC)CC=C(C)CCCC(C)C(=O)C)O	HRYHMFTVUSXJPA-ZDUSSCGKSA-N
460	A_M19_negPFP_03	3.75	385.0929	Bonus	1	386.1002	C20H18O8		[M-H]-	COC1=C(C=CC(=C1)C=CC(=O)O)OC(=CC2=CC(=C(C=C2)O)OC)C(=O)O	GGCXWTMEZZGUFT-UHFFFAOYSA-N
461	A_M21_negPFP_03	6.38	385.2596	Bonus	1	386.2668	C21H38O6		[M-H]-	CCCCCCCCCCC(=O)OC(C(C)C)C(C(=O)O)OC(=O)C(C)C	PEMSRAHOUIFZMA-UHFFFAOYSA-N
462	A_M2_negPFP_03	1.25	197.0819	Bonus	1	198.0892	C10H14O4		[M-H]-	CC(C)C1(CCC(=CC1=O)C(=O)O)O	UGCSSEQNFFXROR-JTQLQIEISA-N
463	E_M17_posPFP_01	0.82	265.1911	Bonus	1	264.1838	C15H24N2O2		[M+H]+	C1CC2C3CCC[N+]4(C3C(CCC4)CN2C(=O)C1)[O-]	XVPBINOPNYFXID-LHDUFFHYSA-N
464	A_M12_negPFP_03	4.49	1409.6231	Bonus	1	1364.6249	C64H100O31		[M+FA-H]-	CC1C2C(C(C(O1)OC3C(C(COC3OC(=O)C45CCC(CC4C6=CCC7C(C6(CC5O)C)(CCC8C7(CC(C(C8(C)CO)OC9C(C(C(C(O9)CO)O)O)OC1C(C(C(C(O1)COC(=O)CC(CC(=O)O2)(C)O)O)O)O)O)C)C)(C)C)O)O)O)OC1C(C(C(CO1)O)O)O	MTICHQXHYUJVDV-FGZJIHLKSA-N
465	A_M15_posPFP_01	2.59	222.1489	Bonus	1	221.1416	C13H19NO2		[M+H]+	CC(C)CNC(=O)CC(C1=CC=CC=C1)O	CAMHORNWWUQADP-LBPRGKRZSA-N
466	A_M6_posPFP_01	5.9	403.2115	Bonus	1	402.2042	C23H30O6		[M+H]+	CC1CC2=CC(=C(C(=C2C3=C(C(=C(C=C3CC1C)OC)OC)OC)O)OC)OC	FYSHYFPJBONYCQ-QWHCGFSZSA-N
467	A_M17_posPFP_01	5.63	271.0601	Bonus	1	270.0528	C15H10O5		[M+H]+	COC(=O)C1=C2C(=CC=C1)OC3=CC=CC(=C3C2=O)O	HXAFEJLAMMEJCI-UHFFFAOYSA-N
468	A_M10_posPFP_01	1.77	309.1697	Bonus	1	308.1624	C17H24O5		[M+H]+	CC(=O)OCC1(CC(C(=C)CCC=C(C(=O)C=C1)CO)O)C	JQVHJLJCMWESHM-UHFFFAOYSA-N
469	A_M19_posPFP_01	3.06	275.0914	Bonus	1	274.0841	C15H14O5		[M+H]+	CC1(CCC2=C(O1)C(=O)C3=C(C=CC=C3O)C(=O)O2)C	RFRQCFZIUNGRQV-UHFFFAOYSA-N
470	A_M12_posPFP_02	6.22	367.2455	Bonus	1	344.2563	C19H36O5		[M+Na]+	CCCCCCC(CC(=O)OC(CCCCCC)CC(=O)OC)O	RTRZNFRQFSTUCO-UHFFFAOYSA-N
471	A_M14_posPFP_01	4.73	400.2694	Bonus	1	382.2355	C21H34O6		[M+NH4]+	CC1(C2CCC3CC2(CCC1C(C)(C)C(=O)OC)CC3(CO)O)CC(=O)O	PIJXGSFXLAPZBU-UHFFFAOYSA-N
472	A_M21_negPFP_03	1.69	565.1563	Bonus	1	566.1636	C26H30O14		[M-H]-	C1C(OC2=C(C1=O)C(=C(C(=C2)O)C3C(C(C(C(O3)CO)O)O)O)O)C4=CC=C(C=C4)OC5C(C(CO5)(CO)O)O	VAUYLVGYXZEEFW-KDPWZIHCSA-N
473	A_M19_negPFP_03	5.52	417.0827	Bonus	1	418.09	C20H18O10		[M-H]-	CC1=CC(=C(C(=C1C(=O)OC)OC2=C(C(=C3C(OC(=O)C3=C2O)OC)C)O)C=O)O	WPAOSTUNVIZRNC-HXUWFJFHSA-N
474	A_M2_negPFP_03	3.19	399.1297	Bonus	1	400.137	C18H24O10		[M-H]-	CC(C)CC(=O)OCC1C(C(C(C(O1)OC2=C(C=CC(=C2)C(=O)O)O)O)O)O	ZRFSFKIFDYASQA-LACBEWGXSA-N
475	E_M17_posPFP_01	3.21	273.0982	Bonus	1	272.0909	C13H12N4O3		[M+H]+	C1=CC(=CN=C1)CNC(=O)NC2=CC=C(C=C2)[N+](=O)[O-]	CLKZWXHKFXZIMA-UHFFFAOYSA-N
476	A_M17_posPFP_01	5.59	315.2278	Bonus	1	314.2206	C16H30N2O4		[M+H]+	CC(C)CCCCCCCCC(=O)NC(CC(=O)O)C(=O)N	IQHOCCKALNDTHC-ZDUSSCGKSA-N
477	A_M15_posPFP_01	5.89	235.1693	Bonus	1	234.162	C15H22O2		[M+H]+	CC1(CCCC2=CC=C(CCC21C)C(=O)O)C	MQYVSPPZNQTARL-OAHLLOKOSA-N
478	A_M14_posPFP_01	5.9	415.2115	Bonus	1	414.2042	C24H30O6		[M+H]+	CCC(C)C=CC=CC(=O)OC1C=CC2=CC(=O)C(CC2(C1C)C)(C(=C)C(=O)O)O	UAMUYXWJNMHHRV-PQTIKSFYSA-N
479	A_M10_posPFP_01	6.05	377.1959	Bonus	1	376.1886	C21H28O6		[M+H]+	CC1=C2COC(=O)C2=C(C(=C1OC)CC=C(C)CCCC(C)C(=O)OC)O	WTKBSOWHEPFXEG-ZDUSSCGKSA-N
480	A_M19_posPFP_01	6.14	357.206	Bonus	1	356.1988	C22H28O4		[M+H]+	CCC(C)C=C(C)C=CC(=O)OC1C=CC2=CC(=O)C(=CC2(C1C)C)O	YYNSFXBSPOJKAH-UHFFFAOYSA-N
481	A_M12_posPFP_01	5.34	396.2381	Bonus	1	378.2042	C21H30O6		[M+NH4]+	CC1=CC(=O)OC1(CC=C(C)CCC=C2CCC(OC2=O)C(C)(C)O)OC	FHBPNMGVDGKJOZ-UHFFFAOYSA-N
482	A_M6_posPFP_01	5.9	644.3065	Bonus	1	626.2727	C34H42O11		[M+NH4]+	CC=C(C)C(=O)OC1C(C(C2(C3CCC4(C(OC(=O)CC4=C3CC1(C2=O)O)C5=COC=C5)C)C)C(C(=O)OC)OC(=O)C)(C)C	WTAMGABZURYMPQ-UHFFFAOYSA-N
483	A_M19_negPFP_03	6.3	469.2572	Bonus	1	470.2645	C21H43O9P		[M-H]-	CCC(C)CCCCCCCCCCC(=O)OCC(COP(=O)(O)OCC(CO)O)O	DIGHTWUQPWHBPG-UHFFFAOYSA-N
484	A_M2_negPFP_03	3.36	609.2917	Bonus	1	610.2989	C31H46O12		[M-H]-	CC(C)CC(=O)OC1C(C(C(OC1OC2CC3(C4CCC5CC4(CCC3C(C2)(C(=O)O)C(=O)O)C(C5=C)O)C)CO)O)O	ONMAWHWGRYJWEX-PBAAIBANSA-N
485	A_M21_negPFP_03	4.17	807.1414	Bonus	1	808.1487	C38H32O20		[M-H]-	C1=CC(=C(C=C1C=CC(=O)OCC2C(C(C(C(O2)OC(=O)C=CC3=CC(=C(C=C3)O)O)O)OC(=O)C4=CC(=C(C(=C4)O)O)O)OC(=O)C5=CC(=C(C(=C5)O)O)O)O)O	RMIQRQLTVMQCLC-OOWHBKENSA-N
486	A_M13_negPFP_03	0.72	219.0663	Bonus	1	220.0736	C12H12O4		[M-H]-	CC1(C2=C(C=CC1=O)C(=C(C=C2)O)CO)O	YFFBGKSSWQKSMK-LBPRGKRZSA-N
487	E_M17_posPFP_01	1.96	256.0596	Bonus	1	255.0523	C9H10ClN5O2		[M+H]+	C1CN(C(=N1)N[N+](=O)[O-])CC2=CN=C(C=C2)Cl	YWTYJOPNNQFBPC-UHFFFAOYSA-N
488	A_M21_negPFP_03	4.89	1087.5331	Bonus	1	1042.5349	C52H82O21		[M+FA-H]-	CC1C(C(C(C(O1)OC2C(OC(C(C2O)O)OCC3C(C(C(C(O3)OC(=O)C45CCC(=C)CC4C6=CCC7C8(CCC(C(C8CCC7(C6(CC5)C)C)(C)C)OC9C(C(C(CO9)O)O)O)C)O)O)O)CO)O)O)O	HMQSPQLUUHPGBG-PQXYRCRZSA-N
489	A_M17_posPFP_01	4.68	331.0812	Bonus	1	330.074	C17H14O7		[M+H]+	COC1=C(C(=C2C(=C1O)C(=O)C=C(O2)C3=CC=CC=C3O)OC)O	JWOKGWICZPPYPX-UHFFFAOYSA-N
490	A_M15_posPFP_01	4.03	268.1543	Bonus	1	267.1471	C14H21NO4		[M+H]+	CC1CCC2C1C(=O)OC(C2C)NC(=O)C3C(O3)C	RYZXGYYJJBGYNG-UHFFFAOYSA-N
491	A_M10_posPFP_01	6.37	411.3258	Bonus	1	410.3185	C28H42O2		[M+H]+	CC(C)C(C)C=CC(C)C1CCC2C1(CCC3=C2C(=O)C=C4C3(CCC(C4)O)C)C	UOHNARRKDSHFLD-VILMZZEPSA-N
492	A_M12_posPFP_01	3.65	430.2435	Bonus	1	412.2097	C21H32O8		[M+NH4]+	CC1CCC(C2(C1=CC(CC2)C(=C)C(=O)O)C)OC3C(C(C(C(O3)CO)O)O)O	AKZZXWNFVQXXFN-DVMTYXMPSA-N
493	A_M14_posPFP_01	6.02	478.2435	Bonus	1	460.2097	C25H32O8		[M+NH4]+	CC=CC1=CC(=C(C(=C1)OC)OC(C)C(C2=CC(=C(C(=C2)OC)OC)OC)OC(=O)C)OC	KDVYEAVKWMGOPV-CMJOXMDJSA-N
494	A_M7_posPFP_01	1.63	358.1496	Bonus	1	340.1158	C16H20O8		[M+NH4]+	COC(=O)C=CC1=CC=C(C=C1)OC2C(C(C(C(O2)CO)O)O)O	KPYQJVYNSWDFQU-TXUJKZCJSA-N
495	A_M19_posPFP_01	1.77	578.2079	Bonus	1	560.1741	C24H32O15		[M+NH4]+	COC1=C2C(=CC(=C1OC3C(C(C(C(O3)CO)O)O)OC4C(C(C(C(O4)CO)O)O)O)CCC(=O)O)C=CO2	ZDGWEUBHJUPSEX-ASDNCSIPSA-N
496	A_M15_negPFP_03	2.56	279.0874	Bonus	1	280.0947	C14H16O6		[M-H]-	CC(CC(CC1=CC2=CC(=CC(=C2C(=O)O1)O)O)O)O	CQXZVXNVRFIVCN-UHFFFAOYSA-N
497	A_M19_negPFP_03	4.42	971.4857	Bonus	1	972.493	C48H76O20		[M-H]-	CC1C(C(C(C(O1)OC2C(C(OC(C2O)OC3C(CC4(C(C3(C)CO)CCC5(C4CC=C6C5(CCC7(C6CC(CC7)(C)C)C(=O)OC8C(C(C(C(O8)CO)O)O)O)C)C)C)O)C(=O)O)O)O)O)O	HELVNAROXHFAIE-WRJJPCEFSA-N
498	A_M13_negPFP_03	5.65	345.0616	Bonus	1	346.0689	C17H14O8		[M-H]-	CC1=CC(=C(C2=C1C(=O)OC3=C(O2)C(=C(C(=C3)C(=O)O)C)OC)O)O	SNXYIHBATNUFDM-UHFFFAOYSA-N
499	A_M2_negPFP_03	3.41	717.1461	Bonus	1	718.1534	C36H30O16		[M-H]-	C1=CC(=CC=C1C2C(C(=O)C3=C(C=C(C=C3O2)O)O)C4=C(C=C(C5=C4OC(=CC5=O)C6=CC(=C(C=C6)O)O)O)OC7C(C(C(C(O7)CO)O)O)O)O	XUDCXSSDAZIAPT-IFVSHKQPSA-N	NULL